Block index,Time [s]
0,3.0994415283203125e-06
1,1.6689300537109375e-06
2,0.0001595020294189453
3,9.5367431640625e-07
4,2.384185791015625e-07
5,3.933906555175781e-05
6,7.152557373046875e-07
7,2.384185791015625e-07
8,3.314018249511719e-05
9,4.76837158203125e-07
10,2.384185791015625e-07
11,3.337860107421875e-05
12,4.76837158203125e-07
13,2.384185791015625e-07
14,4.363059997558594e-05
15,4.76837158203125e-07
16,2.384185791015625e-07
17,3.4332275390625e-05
18,7.152557373046875e-07
19,2.384185791015625e-07
20,3.361701965332031e-05
21,7.152557373046875e-07
22,2.384185791015625e-07
23,3.266334533691406e-05
24,4.76837158203125e-07
25,4.76837158203125e-07
26,3.337860107421875e-05
27,4.76837158203125e-07
28,0.0
29,3.409385681152344e-05
30,4.76837158203125e-07
31,2.384185791015625e-07
32,3.4332275390625e-05
33,7.152557373046875e-07
34,2.384185791015625e-07
35,3.504753112792969e-05
36,4.76837158203125e-07
37,2.384185791015625e-07
38,3.2901763916015625e-05
39,7.152557373046875e-07
40,2.384185791015625e-07
41,3.314018249511719e-05
42,4.76837158203125e-07
43,4.76837158203125e-07
44,3.457069396972656e-05
45,4.76837158203125e-07
46,2.384185791015625e-07
47,3.337860107421875e-05
48,4.76837158203125e-07
49,2.384185791015625e-07
50,3.337860107421875e-05
51,4.76837158203125e-07
52,2.384185791015625e-07
53,3.2901763916015625e-05
54,4.76837158203125e-07
55,2.384185791015625e-07
56,3.4809112548828125e-05
57,4.76837158203125e-07
58,2.384185791015625e-07
59,3.409385681152344e-05
60,4.76837158203125e-07
61,2.384185791015625e-07
62,3.337860107421875e-05
63,4.76837158203125e-07
64,2.384185791015625e-07
65,3.7670135498046875e-05
66,4.76837158203125e-07
67,4.76837158203125e-07
68,3.337860107421875e-05
69,7.152557373046875e-07
70,2.384185791015625e-07
71,3.4809112548828125e-05
72,4.76837158203125e-07
73,2.384185791015625e-07
74,3.361701965332031e-05
75,7.152557373046875e-07
76,2.384185791015625e-07
77,3.361701965332031e-05
78,4.76837158203125e-07
79,2.384185791015625e-07
80,3.409385681152344e-05
81,7.152557373046875e-07
82,2.384185791015625e-07
83,3.3855438232421875e-05
84,4.76837158203125e-07
85,2.384185791015625e-07
86,3.504753112792969e-05
87,4.76837158203125e-07
88,2.384185791015625e-07
89,3.3855438232421875e-05
90,7.152557373046875e-07
91,2.384185791015625e-07
92,3.337860107421875e-05
93,7.152557373046875e-07
94,2.384185791015625e-07
95,3.3855438232421875e-05
96,4.76837158203125e-07
97,2.384185791015625e-07
98,3.6716461181640625e-05
99,7.152557373046875e-07
100,2.384185791015625e-07
101,3.361701965332031e-05
102,4.76837158203125e-07
103,2.384185791015625e-07
104,9.989738464355469e-05
105,9.5367431640625e-07
106,2.384185791015625e-07
107,3.647804260253906e-05
108,4.76837158203125e-07
109,2.384185791015625e-07
110,3.314018249511719e-05
111,4.76837158203125e-07
112,2.384185791015625e-07
113,3.600120544433594e-05
114,4.76837158203125e-07
115,0.0
116,3.314018249511719e-05
117,7.152557373046875e-07
118,2.384185791015625e-07
119,3.337860107421875e-05
120,4.76837158203125e-07
121,2.384185791015625e-07
122,3.337860107421875e-05
123,4.76837158203125e-07
124,2.384185791015625e-07
125,3.361701965332031e-05
126,4.76837158203125e-07
127,2.384185791015625e-07
128,3.647804260253906e-05
129,4.76837158203125e-07
130,2.384185791015625e-07
131,3.2901763916015625e-05
132,9.5367431640625e-07
133,2.384185791015625e-07
134,3.2901763916015625e-05
135,4.76837158203125e-07
136,4.76837158203125e-07
137,3.2901763916015625e-05
138,7.152557373046875e-07
139,2.384185791015625e-07
140,3.4809112548828125e-05
141,7.152557373046875e-07
142,2.384185791015625e-07
143,3.2901763916015625e-05
144,7.152557373046875e-07
145,2.384185791015625e-07
146,3.314018249511719e-05
147,4.76837158203125e-07
148,2.384185791015625e-07
149,3.266334533691406e-05
150,9.5367431640625e-07
151,2.384185791015625e-07
152,3.314018249511719e-05
153,7.152557373046875e-07
154,2.384185791015625e-07
155,3.457069396972656e-05
156,7.152557373046875e-07
157,2.384185791015625e-07
158,3.504753112792969e-05
159,4.76837158203125e-07
160,2.384185791015625e-07
161,3.266334533691406e-05
162,4.76837158203125e-07
163,2.384185791015625e-07
164,3.3855438232421875e-05
165,7.152557373046875e-07
166,4.76837158203125e-07
167,3.361701965332031e-05
168,7.152557373046875e-07
169,2.384185791015625e-07
170,3.3855438232421875e-05
171,7.152557373046875e-07
172,2.384185791015625e-07
173,3.504753112792969e-05
174,4.76837158203125e-07
175,2.384185791015625e-07
176,3.5762786865234375e-05
177,4.76837158203125e-07
178,2.384185791015625e-07
179,3.3855438232421875e-05
180,4.76837158203125e-07
181,2.384185791015625e-07
182,3.4809112548828125e-05
183,9.5367431640625e-07
184,2.384185791015625e-07
185,3.361701965332031e-05
186,9.5367431640625e-07
187,2.384185791015625e-07
188,3.5762786865234375e-05
189,7.152557373046875e-07
190,2.384185791015625e-07
191,3.361701965332031e-05
192,4.76837158203125e-07
193,2.384185791015625e-07
194,3.337860107421875e-05
195,4.76837158203125e-07
196,2.384185791015625e-07
197,3.4332275390625e-05
198,7.152557373046875e-07
199,0.0
200,3.3855438232421875e-05
201,4.76837158203125e-07
202,2.384185791015625e-07
203,3.361701965332031e-05
204,4.76837158203125e-07
205,2.384185791015625e-07
206,3.528594970703125e-05
207,4.76837158203125e-07
208,4.76837158203125e-07
209,3.337860107421875e-05
210,4.76837158203125e-07
211,4.76837158203125e-07
212,3.528594970703125e-05
213,4.76837158203125e-07
214,2.384185791015625e-07
215,3.361701965332031e-05
216,4.76837158203125e-07
217,2.384185791015625e-07
218,3.3855438232421875e-05
219,4.76837158203125e-07
220,2.384185791015625e-07
221,3.6716461181640625e-05
222,4.76837158203125e-07
223,2.384185791015625e-07
224,3.4809112548828125e-05
225,4.76837158203125e-07
226,4.76837158203125e-07
227,3.314018249511719e-05
228,7.152557373046875e-07
229,2.384185791015625e-07
230,3.409385681152344e-05
231,7.152557373046875e-07
232,2.384185791015625e-07
233,3.314018249511719e-05
234,4.76837158203125e-07
235,2.384185791015625e-07
236,3.5762786865234375e-05
237,4.76837158203125e-07
238,2.384185791015625e-07
239,3.4332275390625e-05
240,4.76837158203125e-07
241,4.76837158203125e-07
242,3.24249267578125e-05
243,7.152557373046875e-07
244,2.384185791015625e-07
245,3.314018249511719e-05
246,4.76837158203125e-07
247,2.384185791015625e-07
248,3.314018249511719e-05
249,4.76837158203125e-07
250,2.384185791015625e-07
251,3.6716461181640625e-05
252,7.152557373046875e-07
253,2.384185791015625e-07
254,3.4809112548828125e-05
255,4.76837158203125e-07
256,2.384185791015625e-07
257,3.361701965332031e-05
258,4.76837158203125e-07
259,2.384185791015625e-07
260,3.337860107421875e-05
261,4.76837158203125e-07
262,2.384185791015625e-07
263,3.337860107421875e-05
264,4.76837158203125e-07
265,2.384185791015625e-07
266,3.719329833984375e-05
267,4.76837158203125e-07
268,2.384185791015625e-07
269,3.3855438232421875e-05
270,4.76837158203125e-07
271,4.76837158203125e-07
272,3.266334533691406e-05
273,7.152557373046875e-07
274,2.384185791015625e-07
275,3.314018249511719e-05
276,4.76837158203125e-07
277,2.384185791015625e-07
278,3.3855438232421875e-05
279,4.76837158203125e-07
280,2.384185791015625e-07
281,3.790855407714844e-05
282,9.5367431640625e-07
283,2.384185791015625e-07
284,3.266334533691406e-05
285,4.76837158203125e-07
286,0.0
287,3.314018249511719e-05
288,4.76837158203125e-07
289,2.384185791015625e-07
290,3.314018249511719e-05
291,4.76837158203125e-07
292,2.384185791015625e-07
293,3.457069396972656e-05
294,9.5367431640625e-07
295,2.384185791015625e-07
296,3.3855438232421875e-05
297,7.152557373046875e-07
298,2.384185791015625e-07
299,3.695487976074219e-05
300,4.76837158203125e-07
301,2.384185791015625e-07
302,3.409385681152344e-05
303,4.76837158203125e-07
304,0.0
305,3.337860107421875e-05
306,4.76837158203125e-07
307,0.0
308,3.4332275390625e-05
309,7.152557373046875e-07
310,2.384185791015625e-07
311,3.3855438232421875e-05
312,4.76837158203125e-07
313,2.384185791015625e-07
314,3.62396240234375e-05
315,4.76837158203125e-07
316,2.384185791015625e-07
317,3.337860107421875e-05
318,4.76837158203125e-07
319,2.384185791015625e-07
320,3.504753112792969e-05
321,4.76837158203125e-07
322,2.384185791015625e-07
323,3.457069396972656e-05
324,7.152557373046875e-07
325,2.384185791015625e-07
326,3.314018249511719e-05
327,4.76837158203125e-07
328,2.384185791015625e-07
329,3.62396240234375e-05
330,7.152557373046875e-07
331,2.384185791015625e-07
332,3.314018249511719e-05
333,4.76837158203125e-07
334,2.384185791015625e-07
335,3.3855438232421875e-05
336,4.76837158203125e-07
337,2.384185791015625e-07
338,3.3855438232421875e-05
339,4.76837158203125e-07
340,2.384185791015625e-07
341,3.337860107421875e-05
342,4.76837158203125e-07
343,0.0
344,3.600120544433594e-05
345,4.76837158203125e-07
346,2.384185791015625e-07
347,3.314018249511719e-05
348,4.76837158203125e-07
349,2.384185791015625e-07
350,3.4809112548828125e-05
351,4.76837158203125e-07
352,2.384185791015625e-07
353,3.266334533691406e-05
354,4.76837158203125e-07
355,2.384185791015625e-07
356,3.2901763916015625e-05
357,7.152557373046875e-07
358,2.384185791015625e-07
359,3.552436828613281e-05
360,4.76837158203125e-07
361,2.384185791015625e-07
362,3.2901763916015625e-05
363,4.76837158203125e-07
364,2.384185791015625e-07
365,3.504753112792969e-05
366,9.5367431640625e-07
367,2.384185791015625e-07
368,3.2901763916015625e-05
369,7.152557373046875e-07
370,4.76837158203125e-07
371,3.504753112792969e-05
372,4.76837158203125e-07
373,2.384185791015625e-07
374,3.528594970703125e-05
375,4.76837158203125e-07
376,2.384185791015625e-07
377,3.361701965332031e-05
378,7.152557373046875e-07
379,2.384185791015625e-07
380,3.314018249511719e-05
381,7.152557373046875e-07
382,2.384185791015625e-07
383,3.337860107421875e-05
384,7.152557373046875e-07
385,2.384185791015625e-07
386,3.361701965332031e-05
387,4.76837158203125e-07
388,2.384185791015625e-07
389,3.3855438232421875e-05
390,4.76837158203125e-07
391,2.384185791015625e-07
392,3.719329833984375e-05
393,7.152557373046875e-07
394,2.384185791015625e-07
395,3.2901763916015625e-05
396,4.76837158203125e-07
397,2.384185791015625e-07
398,3.314018249511719e-05
399,4.76837158203125e-07
400,2.384185791015625e-07
401,3.314018249511719e-05
402,7.152557373046875e-07
403,2.384185791015625e-07
404,3.314018249511719e-05
405,9.5367431640625e-07
406,2.384185791015625e-07
407,3.814697265625e-05
408,4.76837158203125e-07
409,2.384185791015625e-07
410,3.314018249511719e-05
411,7.152557373046875e-07
412,2.384185791015625e-07
413,3.361701965332031e-05
414,4.76837158203125e-07
415,2.384185791015625e-07
416,3.3855438232421875e-05
417,4.76837158203125e-07
418,0.0
419,3.409385681152344e-05
420,7.152557373046875e-07
421,2.384185791015625e-07
422,3.6716461181640625e-05
423,4.76837158203125e-07
424,2.384185791015625e-07
425,3.361701965332031e-05
426,4.76837158203125e-07
427,2.384185791015625e-07
428,3.457069396972656e-05
429,7.152557373046875e-07
430,2.384185791015625e-07
431,3.314018249511719e-05
432,9.5367431640625e-07
433,2.384185791015625e-07
434,3.528594970703125e-05
435,4.76837158203125e-07
436,2.384185791015625e-07
437,9.512901306152344e-05
438,1.1920928955078125e-06
439,2.384185791015625e-07
440,3.457069396972656e-05
441,4.76837158203125e-07
442,4.76837158203125e-07
443,3.24249267578125e-05
444,4.76837158203125e-07
445,2.384185791015625e-07
446,3.337860107421875e-05
447,4.76837158203125e-07
448,2.384185791015625e-07
449,3.552436828613281e-05
450,4.76837158203125e-07
451,2.384185791015625e-07
452,3.600120544433594e-05
453,4.76837158203125e-07
454,2.384185791015625e-07
455,3.314018249511719e-05
456,7.152557373046875e-07
457,4.76837158203125e-07
458,3.337860107421875e-05
459,4.76837158203125e-07
460,4.76837158203125e-07
461,3.337860107421875e-05
462,4.76837158203125e-07
463,2.384185791015625e-07
464,3.3855438232421875e-05
465,7.152557373046875e-07
466,2.384185791015625e-07
467,3.6716461181640625e-05
468,7.152557373046875e-07
469,2.384185791015625e-07
470,3.2901763916015625e-05
471,7.152557373046875e-07
472,2.384185791015625e-07
473,3.314018249511719e-05
474,4.76837158203125e-07
475,2.384185791015625e-07
476,3.600120544433594e-05
477,4.76837158203125e-07
478,2.384185791015625e-07
479,3.3855438232421875e-05
480,7.152557373046875e-07
481,2.384185791015625e-07
482,3.314018249511719e-05
483,4.76837158203125e-07
484,2.384185791015625e-07
485,3.600120544433594e-05
486,4.76837158203125e-07
487,2.384185791015625e-07
488,3.3855438232421875e-05
489,4.76837158203125e-07
490,2.384185791015625e-07
491,3.4809112548828125e-05
492,7.152557373046875e-07
493,4.76837158203125e-07
494,3.314018249511719e-05
495,9.5367431640625e-07
496,2.384185791015625e-07
497,3.314018249511719e-05
498,4.76837158203125e-07
499,4.76837158203125e-07
500,3.552436828613281e-05
501,4.76837158203125e-07
502,2.384185791015625e-07
503,3.4332275390625e-05
504,7.152557373046875e-07
505,2.384185791015625e-07
506,3.409385681152344e-05
507,9.5367431640625e-07
508,2.384185791015625e-07
509,3.2901763916015625e-05
510,4.76837158203125e-07
511,2.384185791015625e-07
512,3.409385681152344e-05
513,4.76837158203125e-07
514,2.384185791015625e-07
515,3.6716461181640625e-05
516,4.76837158203125e-07
517,2.384185791015625e-07
518,3.457069396972656e-05
519,4.76837158203125e-07
520,2.384185791015625e-07
521,3.314018249511719e-05
522,7.152557373046875e-07
523,2.384185791015625e-07
524,3.361701965332031e-05
525,4.76837158203125e-07
526,2.384185791015625e-07
527,3.314018249511719e-05
528,4.76837158203125e-07
529,2.384185791015625e-07
530,3.600120544433594e-05
531,7.152557373046875e-07
532,2.384185791015625e-07
533,3.409385681152344e-05
534,7.152557373046875e-07
535,2.384185791015625e-07
536,3.4332275390625e-05
537,7.152557373046875e-07
538,2.384185791015625e-07
539,3.3855438232421875e-05
540,7.152557373046875e-07
541,2.384185791015625e-07
542,3.361701965332031e-05
543,4.76837158203125e-07
544,2.384185791015625e-07
545,3.814697265625e-05
546,7.152557373046875e-07
547,2.384185791015625e-07
548,3.361701965332031e-05
549,7.152557373046875e-07
550,2.384185791015625e-07
551,3.2901763916015625e-05
552,4.76837158203125e-07
553,4.76837158203125e-07
554,3.2901763916015625e-05
555,7.152557373046875e-07
556,4.76837158203125e-07
557,3.361701965332031e-05
558,4.76837158203125e-07
559,2.384185791015625e-07
560,3.719329833984375e-05
561,9.5367431640625e-07
562,2.384185791015625e-07
563,3.409385681152344e-05
564,4.76837158203125e-07
565,2.384185791015625e-07
566,3.457069396972656e-05
567,4.76837158203125e-07
568,2.384185791015625e-07
569,3.361701965332031e-05
570,4.76837158203125e-07
571,2.384185791015625e-07
572,3.4332275390625e-05
573,4.76837158203125e-07
574,4.76837158203125e-07
575,3.3855438232421875e-05
576,9.5367431640625e-07
577,2.384185791015625e-07
578,3.62396240234375e-05
579,7.152557373046875e-07
580,0.0
581,3.314018249511719e-05
582,7.152557373046875e-07
583,2.384185791015625e-07
584,3.314018249511719e-05
585,9.5367431640625e-07
586,2.384185791015625e-07
587,3.361701965332031e-05
588,7.152557373046875e-07
589,2.384185791015625e-07
590,3.457069396972656e-05
591,4.76837158203125e-07
592,2.384185791015625e-07
593,4.220008850097656e-05
594,4.76837158203125e-07
595,2.384185791015625e-07
596,3.457069396972656e-05
597,4.76837158203125e-07
598,2.384185791015625e-07
599,3.337860107421875e-05
600,7.152557373046875e-07
601,2.384185791015625e-07
602,3.4809112548828125e-05
603,4.76837158203125e-07
604,2.384185791015625e-07
605,3.337860107421875e-05
606,4.76837158203125e-07
607,2.384185791015625e-07
608,3.5762786865234375e-05
609,4.76837158203125e-07
610,2.384185791015625e-07
611,3.457069396972656e-05
612,7.152557373046875e-07
613,2.384185791015625e-07
614,3.361701965332031e-05
615,7.152557373046875e-07
616,2.384185791015625e-07
617,3.4809112548828125e-05
618,7.152557373046875e-07
619,2.384185791015625e-07
620,3.266334533691406e-05
621,7.152557373046875e-07
622,4.76837158203125e-07
623,3.62396240234375e-05
624,7.152557373046875e-07
625,2.384185791015625e-07
626,3.457069396972656e-05
627,9.5367431640625e-07
628,2.384185791015625e-07
629,3.4809112548828125e-05
630,4.76837158203125e-07
631,2.384185791015625e-07
632,3.409385681152344e-05
633,4.76837158203125e-07
634,2.384185791015625e-07
635,3.361701965332031e-05
636,4.76837158203125e-07
637,2.384185791015625e-07
638,3.647804260253906e-05
639,4.76837158203125e-07
640,2.384185791015625e-07
641,3.552436828613281e-05
642,7.152557373046875e-07
643,2.384185791015625e-07
644,3.4809112548828125e-05
645,7.152557373046875e-07
646,2.384185791015625e-07
647,3.409385681152344e-05
648,9.5367431640625e-07
649,2.384185791015625e-07
650,3.337860107421875e-05
651,7.152557373046875e-07
652,2.384185791015625e-07
653,3.62396240234375e-05
654,4.76837158203125e-07
655,2.384185791015625e-07
656,3.266334533691406e-05
657,4.76837158203125e-07
658,2.384185791015625e-07
659,3.552436828613281e-05
660,4.76837158203125e-07
661,0.0
662,3.409385681152344e-05
663,4.76837158203125e-07
664,2.384185791015625e-07
665,3.457069396972656e-05
666,4.76837158203125e-07
667,2.384185791015625e-07
668,3.361701965332031e-05
669,4.76837158203125e-07
670,2.384185791015625e-07
671,3.6716461181640625e-05
672,4.76837158203125e-07
673,2.384185791015625e-07
674,3.552436828613281e-05
675,7.152557373046875e-07
676,0.0
677,3.3855438232421875e-05
678,4.76837158203125e-07
679,2.384185791015625e-07
680,3.790855407714844e-05
681,4.76837158203125e-07
682,2.384185791015625e-07
683,3.6716461181640625e-05
684,4.76837158203125e-07
685,2.384185791015625e-07
686,3.600120544433594e-05
687,4.76837158203125e-07
688,0.0
689,3.528594970703125e-05
690,4.76837158203125e-07
691,4.76837158203125e-07
692,3.2901763916015625e-05
693,4.76837158203125e-07
694,2.384185791015625e-07
695,3.3855438232421875e-05
696,4.76837158203125e-07
697,2.384185791015625e-07
698,3.3855438232421875e-05
699,9.5367431640625e-07
700,2.384185791015625e-07
701,3.695487976074219e-05
702,9.5367431640625e-07
703,2.384185791015625e-07
704,3.4332275390625e-05
705,4.76837158203125e-07
706,2.384185791015625e-07
707,3.409385681152344e-05
708,7.152557373046875e-07
709,2.384185791015625e-07
710,3.337860107421875e-05
711,4.76837158203125e-07
712,2.384185791015625e-07
713,3.4809112548828125e-05
714,4.76837158203125e-07
715,4.76837158203125e-07
716,3.695487976074219e-05
717,7.152557373046875e-07
718,2.384185791015625e-07
719,3.3855438232421875e-05
720,4.76837158203125e-07
721,2.384185791015625e-07
722,3.457069396972656e-05
723,4.76837158203125e-07
724,2.384185791015625e-07
725,3.2901763916015625e-05
726,7.152557373046875e-07
727,2.384185791015625e-07
728,3.528594970703125e-05
729,4.76837158203125e-07
730,2.384185791015625e-07
731,3.6716461181640625e-05
732,7.152557373046875e-07
733,2.384185791015625e-07
734,3.314018249511719e-05
735,4.76837158203125e-07
736,2.384185791015625e-07
737,3.4809112548828125e-05
738,7.152557373046875e-07
739,2.384185791015625e-07
740,3.361701965332031e-05
741,4.76837158203125e-07
742,4.76837158203125e-07
743,3.457069396972656e-05
744,7.152557373046875e-07
745,2.384185791015625e-07
746,3.647804260253906e-05
747,4.76837158203125e-07
748,2.384185791015625e-07
749,3.409385681152344e-05
750,4.76837158203125e-07
751,2.384185791015625e-07
752,3.337860107421875e-05
753,4.76837158203125e-07
754,2.384185791015625e-07
755,3.4332275390625e-05
756,4.76837158203125e-07
757,2.384185791015625e-07
758,3.409385681152344e-05
759,7.152557373046875e-07
760,2.384185791015625e-07
761,3.361701965332031e-05
762,7.152557373046875e-07
763,2.384185791015625e-07
764,3.647804260253906e-05
765,7.152557373046875e-07
766,2.384185791015625e-07
767,0.00010609626770019531
768,1.430511474609375e-06
769,2.384185791015625e-07
770,3.743171691894531e-05
771,4.76837158203125e-07
772,2.384185791015625e-07
773,3.314018249511719e-05
774,4.76837158203125e-07
775,2.384185791015625e-07
776,3.62396240234375e-05
777,4.76837158203125e-07
778,2.384185791015625e-07
779,3.2901763916015625e-05
780,9.5367431640625e-07
781,2.384185791015625e-07
782,3.457069396972656e-05
783,4.76837158203125e-07
784,2.384185791015625e-07
785,3.4809112548828125e-05
786,4.76837158203125e-07
787,2.384185791015625e-07
788,3.409385681152344e-05
789,7.152557373046875e-07
790,2.384185791015625e-07
791,3.266334533691406e-05
792,4.76837158203125e-07
793,2.384185791015625e-07
794,3.552436828613281e-05
795,4.76837158203125e-07
796,2.384185791015625e-07
797,3.457069396972656e-05
798,4.76837158203125e-07
799,2.384185791015625e-07
800,3.361701965332031e-05
801,7.152557373046875e-07
802,4.76837158203125e-07
803,3.361701965332031e-05
804,4.76837158203125e-07
805,2.384185791015625e-07
806,3.2901763916015625e-05
807,7.152557373046875e-07
808,2.384185791015625e-07
809,3.5762786865234375e-05
810,7.152557373046875e-07
811,2.384185791015625e-07
812,3.4332275390625e-05
813,7.152557373046875e-07
814,2.384185791015625e-07
815,3.337860107421875e-05
816,7.152557373046875e-07
817,2.384185791015625e-07
818,3.409385681152344e-05
819,7.152557373046875e-07
820,4.76837158203125e-07
821,3.361701965332031e-05
822,7.152557373046875e-07
823,2.384185791015625e-07
824,3.7670135498046875e-05
825,7.152557373046875e-07
826,2.384185791015625e-07
827,3.504753112792969e-05
828,4.76837158203125e-07
829,2.384185791015625e-07
830,3.2901763916015625e-05
831,4.76837158203125e-07
832,2.384185791015625e-07
833,3.4809112548828125e-05
834,4.76837158203125e-07
835,4.76837158203125e-07
836,3.361701965332031e-05
837,7.152557373046875e-07
838,2.384185791015625e-07
839,3.7670135498046875e-05
840,4.76837158203125e-07
841,2.384185791015625e-07
842,3.409385681152344e-05
843,4.76837158203125e-07
844,2.384185791015625e-07
845,3.457069396972656e-05
846,4.76837158203125e-07
847,2.384185791015625e-07
848,3.3855438232421875e-05
849,4.76837158203125e-07
850,2.384185791015625e-07
851,3.409385681152344e-05
852,7.152557373046875e-07
853,2.384185791015625e-07
854,3.457069396972656e-05
855,4.76837158203125e-07
856,2.384185791015625e-07
857,3.62396240234375e-05
858,4.76837158203125e-07
859,2.384185791015625e-07
860,3.314018249511719e-05
861,7.152557373046875e-07
862,2.384185791015625e-07
863,3.3855438232421875e-05
864,4.76837158203125e-07
865,2.384185791015625e-07
866,3.457069396972656e-05
867,4.76837158203125e-07
868,2.384185791015625e-07
869,3.695487976074219e-05
870,4.76837158203125e-07
871,2.384185791015625e-07
872,3.361701965332031e-05
873,4.76837158203125e-07
874,2.384185791015625e-07
875,3.337860107421875e-05
876,4.76837158203125e-07
877,2.384185791015625e-07
878,3.337860107421875e-05
879,4.76837158203125e-07
880,2.384185791015625e-07
881,3.504753112792969e-05
882,7.152557373046875e-07
883,2.384185791015625e-07
884,3.504753112792969e-05
885,4.76837158203125e-07
886,2.384185791015625e-07
887,3.62396240234375e-05
888,7.152557373046875e-07
889,2.384185791015625e-07
890,3.361701965332031e-05
891,4.76837158203125e-07
892,0.0
893,3.337860107421875e-05
894,4.76837158203125e-07
895,2.384185791015625e-07
896,3.4809112548828125e-05
897,4.76837158203125e-07
898,2.384185791015625e-07
899,3.528594970703125e-05
900,4.76837158203125e-07
901,2.384185791015625e-07
902,3.62396240234375e-05
903,7.152557373046875e-07
904,2.384185791015625e-07
905,3.314018249511719e-05
906,4.76837158203125e-07
907,2.384185791015625e-07
908,3.4809112548828125e-05
909,4.76837158203125e-07
910,2.384185791015625e-07
911,3.4332275390625e-05
912,4.76837158203125e-07
913,2.384185791015625e-07
914,3.457069396972656e-05
915,9.5367431640625e-07
916,2.384185791015625e-07
917,3.600120544433594e-05
918,4.76837158203125e-07
919,2.384185791015625e-07
920,3.3855438232421875e-05
921,4.76837158203125e-07
922,2.384185791015625e-07
923,3.409385681152344e-05
924,4.76837158203125e-07
925,2.384185791015625e-07
926,3.3855438232421875e-05
927,4.76837158203125e-07
928,2.384185791015625e-07
929,3.457069396972656e-05
930,4.76837158203125e-07
931,2.384185791015625e-07
932,3.5762786865234375e-05
933,4.76837158203125e-07
934,2.384185791015625e-07
935,3.337860107421875e-05
936,9.5367431640625e-07
937,2.384185791015625e-07
938,3.4809112548828125e-05
939,7.152557373046875e-07
940,2.384185791015625e-07
941,3.337860107421875e-05
942,7.152557373046875e-07
943,2.384185791015625e-07
944,3.314018249511719e-05
945,7.152557373046875e-07
946,2.384185791015625e-07
947,3.4332275390625e-05
948,7.152557373046875e-07
949,2.384185791015625e-07
950,3.6716461181640625e-05
951,4.76837158203125e-07
952,4.76837158203125e-07
953,3.3855438232421875e-05
954,7.152557373046875e-07
955,2.384185791015625e-07
956,3.266334533691406e-05
957,7.152557373046875e-07
958,4.76837158203125e-07
959,3.337860107421875e-05
960,4.76837158203125e-07
961,4.76837158203125e-07
962,3.743171691894531e-05
963,4.76837158203125e-07
964,2.384185791015625e-07
965,3.409385681152344e-05
966,4.76837158203125e-07
967,0.0
968,3.361701965332031e-05
969,4.76837158203125e-07
970,2.384185791015625e-07
971,3.314018249511719e-05
972,7.152557373046875e-07
973,2.384185791015625e-07
974,3.314018249511719e-05
975,4.76837158203125e-07
976,2.384185791015625e-07
977,3.528594970703125e-05
978,4.76837158203125e-07
979,2.384185791015625e-07
980,3.743171691894531e-05
981,9.5367431640625e-07
982,2.384185791015625e-07
983,3.314018249511719e-05
984,4.76837158203125e-07
985,2.384185791015625e-07
986,3.337860107421875e-05
987,9.5367431640625e-07
988,2.384185791015625e-07
989,3.337860107421875e-05
990,7.152557373046875e-07
991,2.384185791015625e-07
992,3.4332275390625e-05
993,4.76837158203125e-07
994,2.384185791015625e-07
995,3.743171691894531e-05
996,4.76837158203125e-07
997,2.384185791015625e-07
998,3.361701965332031e-05
999,4.76837158203125e-07
1000,2.384185791015625e-07
1001,3.337860107421875e-05
1002,4.76837158203125e-07
1003,2.384185791015625e-07
1004,3.314018249511719e-05
1005,7.152557373046875e-07
1006,2.384185791015625e-07
1007,3.4332275390625e-05
1008,4.76837158203125e-07
1009,2.384185791015625e-07
1010,3.814697265625e-05
1011,7.152557373046875e-07
1012,2.384185791015625e-07
1013,3.361701965332031e-05
1014,4.76837158203125e-07
1015,2.384185791015625e-07
1016,3.337860107421875e-05
1017,4.76837158203125e-07
1018,2.384185791015625e-07
1019,3.3855438232421875e-05
1020,7.152557373046875e-07
1021,2.384185791015625e-07
1022,3.528594970703125e-05
1023,4.76837158203125e-07
1024,2.384185791015625e-07
1025,3.7670135498046875e-05
1026,4.76837158203125e-07
1027,2.384185791015625e-07
1028,3.3855438232421875e-05
1029,4.76837158203125e-07
1030,2.384185791015625e-07
1031,3.2901763916015625e-05
1032,7.152557373046875e-07
1033,2.384185791015625e-07
1034,3.457069396972656e-05
1035,4.76837158203125e-07
1036,2.384185791015625e-07
1037,3.4332275390625e-05
1038,4.76837158203125e-07
1039,2.384185791015625e-07
1040,3.3855438232421875e-05
1041,4.76837158203125e-07
1042,2.384185791015625e-07
1043,3.814697265625e-05
1044,4.76837158203125e-07
1045,2.384185791015625e-07
1046,3.3855438232421875e-05
1047,4.76837158203125e-07
1048,2.384185791015625e-07
1049,3.4332275390625e-05
1050,7.152557373046875e-07
1051,2.384185791015625e-07
1052,3.3855438232421875e-05
1053,7.152557373046875e-07
1054,2.384185791015625e-07
1055,3.790855407714844e-05
1056,9.5367431640625e-07
1057,2.384185791015625e-07
1058,3.409385681152344e-05
1059,7.152557373046875e-07
1060,2.384185791015625e-07
1061,3.2901763916015625e-05
1062,4.76837158203125e-07
1063,2.384185791015625e-07
1064,3.457069396972656e-05
1065,7.152557373046875e-07
1066,2.384185791015625e-07
1067,3.337860107421875e-05
1068,7.152557373046875e-07
1069,2.384185791015625e-07
1070,3.361701965332031e-05
1071,4.76837158203125e-07
1072,2.384185791015625e-07
1073,3.6716461181640625e-05
1074,4.76837158203125e-07
1075,2.384185791015625e-07
1076,3.457069396972656e-05
1077,4.76837158203125e-07
1078,2.384185791015625e-07
1079,3.4809112548828125e-05
1080,4.76837158203125e-07
1081,2.384185791015625e-07
1082,3.314018249511719e-05
1083,7.152557373046875e-07
1084,2.384185791015625e-07
1085,3.361701965332031e-05
1086,4.76837158203125e-07
1087,2.384185791015625e-07
1088,3.695487976074219e-05
1089,7.152557373046875e-07
1090,2.384185791015625e-07
1091,3.7670135498046875e-05
1092,7.152557373046875e-07
1093,2.384185791015625e-07
1094,0.00010013580322265625
1095,9.5367431640625e-07
1096,2.384185791015625e-07
1097,3.7670135498046875e-05
1098,9.5367431640625e-07
1099,2.384185791015625e-07
1100,3.337860107421875e-05
1101,4.76837158203125e-07
1102,4.76837158203125e-07
1103,3.600120544433594e-05
1104,4.76837158203125e-07
1105,2.384185791015625e-07
1106,3.600120544433594e-05
1107,4.76837158203125e-07
1108,2.384185791015625e-07
1109,3.361701965332031e-05
1110,4.76837158203125e-07
1111,2.384185791015625e-07
1112,3.361701965332031e-05
1113,7.152557373046875e-07
1114,2.384185791015625e-07
1115,3.361701965332031e-05
1116,7.152557373046875e-07
1117,2.384185791015625e-07
1118,3.719329833984375e-05
1119,7.152557373046875e-07
1120,2.384185791015625e-07
1121,3.933906555175781e-05
1122,4.76837158203125e-07
1123,2.384185791015625e-07
1124,3.337860107421875e-05
1125,4.76837158203125e-07
1126,0.0
1127,3.3855438232421875e-05
1128,7.152557373046875e-07
1129,2.384185791015625e-07
1130,3.337860107421875e-05
1131,4.76837158203125e-07
1132,2.384185791015625e-07
1133,3.409385681152344e-05
1134,7.152557373046875e-07
1135,2.384185791015625e-07
1136,3.719329833984375e-05
1137,4.76837158203125e-07
1138,2.384185791015625e-07
1139,3.3855438232421875e-05
1140,7.152557373046875e-07
1141,4.76837158203125e-07
1142,3.314018249511719e-05
1143,7.152557373046875e-07
1144,2.384185791015625e-07
1145,3.3855438232421875e-05
1146,9.5367431640625e-07
1147,2.384185791015625e-07
1148,3.7670135498046875e-05
1149,4.76837158203125e-07
1150,2.384185791015625e-07
1151,3.3855438232421875e-05
1152,7.152557373046875e-07
1153,2.384185791015625e-07
1154,3.4809112548828125e-05
1155,4.76837158203125e-07
1156,4.76837158203125e-07
1157,3.2901763916015625e-05
1158,7.152557373046875e-07
1159,2.384185791015625e-07
1160,3.409385681152344e-05
1161,4.76837158203125e-07
1162,2.384185791015625e-07
1163,3.3855438232421875e-05
1164,4.76837158203125e-07
1165,2.384185791015625e-07
1166,3.528594970703125e-05
1167,7.152557373046875e-07
1168,2.384185791015625e-07
1169,3.409385681152344e-05
1170,4.76837158203125e-07
1171,0.0
1172,3.337860107421875e-05
1173,4.76837158203125e-07
1174,2.384185791015625e-07
1175,3.409385681152344e-05
1176,4.76837158203125e-07
1177,2.384185791015625e-07
1178,3.695487976074219e-05
1179,4.76837158203125e-07
1180,2.384185791015625e-07
1181,3.314018249511719e-05
1182,7.152557373046875e-07
1183,2.384185791015625e-07
1184,3.337860107421875e-05
1185,4.76837158203125e-07
1186,2.384185791015625e-07
1187,3.600120544433594e-05
1188,4.76837158203125e-07
1189,4.76837158203125e-07
1190,3.361701965332031e-05
1191,9.5367431640625e-07
1192,2.384185791015625e-07
1193,3.3855438232421875e-05
1194,4.76837158203125e-07
1195,2.384185791015625e-07
1196,3.5762786865234375e-05
1197,9.5367431640625e-07
1198,2.384185791015625e-07
1199,3.314018249511719e-05
1200,4.76837158203125e-07
1201,2.384185791015625e-07
1202,3.504753112792969e-05
1203,7.152557373046875e-07
1204,2.384185791015625e-07
1205,3.457069396972656e-05
1206,4.76837158203125e-07
1207,2.384185791015625e-07
1208,3.409385681152344e-05
1209,4.76837158203125e-07
1210,2.384185791015625e-07
1211,3.647804260253906e-05
1212,4.76837158203125e-07
1213,4.76837158203125e-07
1214,3.314018249511719e-05
1215,4.76837158203125e-07
1216,2.384185791015625e-07
1217,3.600120544433594e-05
1218,4.76837158203125e-07
1219,2.384185791015625e-07
1220,3.528594970703125e-05
1221,7.152557373046875e-07
1222,2.384185791015625e-07
1223,3.361701965332031e-05
1224,9.5367431640625e-07
1225,2.384185791015625e-07
1226,3.3855438232421875e-05
1227,4.76837158203125e-07
1228,2.384185791015625e-07
1229,3.7670135498046875e-05
1230,4.76837158203125e-07
1231,2.384185791015625e-07
1232,3.4332275390625e-05
1233,4.76837158203125e-07
1234,4.76837158203125e-07
1235,3.409385681152344e-05
1236,7.152557373046875e-07
1237,2.384185791015625e-07
1238,3.314018249511719e-05
1239,4.76837158203125e-07
1240,2.384185791015625e-07
1241,3.5762786865234375e-05
1242,4.76837158203125e-07
1243,2.384185791015625e-07
1244,3.409385681152344e-05
1245,7.152557373046875e-07
1246,0.0
1247,3.504753112792969e-05
1248,4.76837158203125e-07
1249,2.384185791015625e-07
1250,3.504753112792969e-05
1251,4.76837158203125e-07
1252,2.384185791015625e-07
1253,3.361701965332031e-05
1254,7.152557373046875e-07
1255,2.384185791015625e-07
1256,3.337860107421875e-05
1257,7.152557373046875e-07
1258,2.384185791015625e-07
1259,3.790855407714844e-05
1260,4.76837158203125e-07
1261,2.384185791015625e-07
1262,3.552436828613281e-05
1263,7.152557373046875e-07
1264,2.384185791015625e-07
1265,3.5762786865234375e-05
1266,4.76837158203125e-07
1267,2.384185791015625e-07
1268,3.4332275390625e-05
1269,4.76837158203125e-07
1270,0.0
1271,3.695487976074219e-05
1272,7.152557373046875e-07
1273,2.384185791015625e-07
1274,3.4809112548828125e-05
1275,4.76837158203125e-07
1276,2.384185791015625e-07
1277,3.457069396972656e-05
1278,4.76837158203125e-07
1279,2.384185791015625e-07
1280,3.552436828613281e-05
1281,4.76837158203125e-07
1282,0.0
1283,3.4332275390625e-05
1284,7.152557373046875e-07
1285,2.384185791015625e-07
1286,3.4809112548828125e-05
1287,4.76837158203125e-07
1288,4.76837158203125e-07
1289,3.6716461181640625e-05
1290,4.76837158203125e-07
1291,2.384185791015625e-07
1292,3.361701965332031e-05
1293,7.152557373046875e-07
1294,2.384185791015625e-07
1295,3.314018249511719e-05
1296,7.152557373046875e-07
1297,2.384185791015625e-07
1298,3.4332275390625e-05
1299,4.76837158203125e-07
1300,2.384185791015625e-07
1301,3.4809112548828125e-05
1302,4.76837158203125e-07
1303,0.0
1304,3.695487976074219e-05
1305,4.76837158203125e-07
1306,2.384185791015625e-07
1307,3.314018249511719e-05
1308,4.76837158203125e-07
1309,2.384185791015625e-07
1310,3.552436828613281e-05
1311,4.76837158203125e-07
1312,2.384185791015625e-07
1313,3.552436828613281e-05
1314,7.152557373046875e-07
1315,4.76837158203125e-07
1316,3.4809112548828125e-05
1317,4.76837158203125e-07
1318,2.384185791015625e-07
1319,3.409385681152344e-05
1320,4.76837158203125e-07
1321,2.384185791015625e-07
1322,3.6716461181640625e-05
1323,7.152557373046875e-07
1324,2.384185791015625e-07
1325,3.361701965332031e-05
1326,7.152557373046875e-07
1327,2.384185791015625e-07
1328,3.504753112792969e-05
1329,9.5367431640625e-07
1330,2.384185791015625e-07
1331,3.552436828613281e-05
1332,4.76837158203125e-07
1333,2.384185791015625e-07
1334,3.647804260253906e-05
1335,7.152557373046875e-07
1336,2.384185791015625e-07
1337,3.337860107421875e-05
1338,4.76837158203125e-07
1339,2.384185791015625e-07
1340,3.361701965332031e-05
1341,4.76837158203125e-07
1342,0.0
1343,3.4332275390625e-05
1344,4.76837158203125e-07
1345,2.384185791015625e-07
1346,3.528594970703125e-05
1347,7.152557373046875e-07
1348,2.384185791015625e-07
1349,3.361701965332031e-05
1350,4.76837158203125e-07
1351,2.384185791015625e-07
1352,3.62396240234375e-05
1353,7.152557373046875e-07
1354,2.384185791015625e-07
1355,3.4809112548828125e-05
1356,4.76837158203125e-07
1357,2.384185791015625e-07
1358,3.409385681152344e-05
1359,4.76837158203125e-07
1360,2.384185791015625e-07
1361,3.4809112548828125e-05
1362,4.76837158203125e-07
1363,2.384185791015625e-07
1364,3.719329833984375e-05
1365,7.152557373046875e-07
1366,2.384185791015625e-07
1367,3.409385681152344e-05
1368,7.152557373046875e-07
1369,2.384185791015625e-07
1370,3.4332275390625e-05
1371,7.152557373046875e-07
1372,4.76837158203125e-07
1373,3.4332275390625e-05
1374,4.76837158203125e-07
1375,2.384185791015625e-07
1376,3.2901763916015625e-05
1377,7.152557373046875e-07
1378,2.384185791015625e-07
1379,3.4332275390625e-05
1380,4.76837158203125e-07
1381,2.384185791015625e-07
1382,3.695487976074219e-05
1383,7.152557373046875e-07
1384,2.384185791015625e-07
1385,3.504753112792969e-05
1386,4.76837158203125e-07
1387,4.76837158203125e-07
1388,3.409385681152344e-05
1389,7.152557373046875e-07
1390,2.384185791015625e-07
1391,3.409385681152344e-05
1392,4.76837158203125e-07
1393,2.384185791015625e-07
1394,3.4809112548828125e-05
1395,7.152557373046875e-07
1396,2.384185791015625e-07
1397,3.7670135498046875e-05
1398,4.76837158203125e-07
1399,4.76837158203125e-07
1400,3.457069396972656e-05
1401,4.76837158203125e-07
1402,2.384185791015625e-07
1403,3.337860107421875e-05
1404,7.152557373046875e-07
1405,2.384185791015625e-07
1406,3.3855438232421875e-05
1407,4.76837158203125e-07
1408,2.384185791015625e-07
1409,3.504753112792969e-05
1410,7.152557373046875e-07
1411,2.384185791015625e-07
1412,3.457069396972656e-05
1413,7.152557373046875e-07
1414,0.0
1415,3.790855407714844e-05
1416,7.152557373046875e-07
1417,2.384185791015625e-07
1418,3.361701965332031e-05
1419,4.76837158203125e-07
1420,0.0
1421,0.00018477439880371094
1422,9.5367431640625e-07
1423,2.384185791015625e-07
1424,3.528594970703125e-05
1425,7.152557373046875e-07
1426,0.0
1427,3.719329833984375e-05
1428,7.152557373046875e-07
1429,0.0
1430,3.457069396972656e-05
1431,4.76837158203125e-07
1432,2.384185791015625e-07
1433,3.3855438232421875e-05
1434,4.76837158203125e-07
1435,2.384185791015625e-07
1436,3.552436828613281e-05
1437,7.152557373046875e-07
1438,2.384185791015625e-07
1439,3.4809112548828125e-05
1440,4.76837158203125e-07
1441,2.384185791015625e-07
1442,3.457069396972656e-05
1443,9.5367431640625e-07
1444,2.384185791015625e-07
1445,3.6716461181640625e-05
1446,7.152557373046875e-07
1447,2.384185791015625e-07
1448,3.4332275390625e-05
1449,7.152557373046875e-07
1450,2.384185791015625e-07
1451,3.504753112792969e-05
1452,4.76837158203125e-07
1453,2.384185791015625e-07
1454,3.504753112792969e-05
1455,4.76837158203125e-07
1456,2.384185791015625e-07
1457,3.743171691894531e-05
1458,7.152557373046875e-07
1459,2.384185791015625e-07
1460,3.409385681152344e-05
1461,7.152557373046875e-07
1462,2.384185791015625e-07
1463,3.457069396972656e-05
1464,7.152557373046875e-07
1465,0.0
1466,3.314018249511719e-05
1467,9.5367431640625e-07
1468,2.384185791015625e-07
1469,3.5762786865234375e-05
1470,7.152557373046875e-07
1471,2.384185791015625e-07
1472,3.6716461181640625e-05
1473,4.76837158203125e-07
1474,2.384185791015625e-07
1475,3.743171691894531e-05
1476,7.152557373046875e-07
1477,2.384185791015625e-07
1478,3.457069396972656e-05
1479,4.76837158203125e-07
1480,2.384185791015625e-07
1481,3.457069396972656e-05
1482,7.152557373046875e-07
1483,2.384185791015625e-07
1484,3.5762786865234375e-05
1485,7.152557373046875e-07
1486,2.384185791015625e-07
1487,3.4809112548828125e-05
1488,7.152557373046875e-07
1489,2.384185791015625e-07
1490,3.695487976074219e-05
1491,4.76837158203125e-07
1492,2.384185791015625e-07
1493,3.409385681152344e-05
1494,7.152557373046875e-07
1495,4.76837158203125e-07
1496,3.4332275390625e-05
1497,7.152557373046875e-07
1498,2.384185791015625e-07
1499,3.457069396972656e-05
1500,4.76837158203125e-07
1501,2.384185791015625e-07
1502,3.3855438232421875e-05
1503,7.152557373046875e-07
1504,2.384185791015625e-07
1505,3.3855438232421875e-05
1506,7.152557373046875e-07
1507,2.384185791015625e-07
1508,3.647804260253906e-05
1509,4.76837158203125e-07
1510,2.384185791015625e-07
1511,3.504753112792969e-05
1512,7.152557373046875e-07
1513,2.384185791015625e-07
1514,3.62396240234375e-05
1515,7.152557373046875e-07
1516,2.384185791015625e-07
1517,3.457069396972656e-05
1518,4.76837158203125e-07
1519,2.384185791015625e-07
1520,3.695487976074219e-05
1521,7.152557373046875e-07
1522,2.384185791015625e-07
1523,3.528594970703125e-05
1524,9.5367431640625e-07
1525,2.384185791015625e-07
1526,3.552436828613281e-05
1527,4.76837158203125e-07
1528,2.384185791015625e-07
1529,3.4332275390625e-05
1530,9.5367431640625e-07
1531,2.384185791015625e-07
1532,3.4809112548828125e-05
1533,4.76837158203125e-07
1534,2.384185791015625e-07
1535,3.409385681152344e-05
1536,4.76837158203125e-07
1537,2.384185791015625e-07
1538,3.743171691894531e-05
1539,7.152557373046875e-07
1540,2.384185791015625e-07
1541,3.5762786865234375e-05
1542,4.76837158203125e-07
1543,0.0
1544,3.4332275390625e-05
1545,7.152557373046875e-07
1546,2.384185791015625e-07
1547,3.4809112548828125e-05
1548,4.76837158203125e-07
1549,2.384185791015625e-07
1550,3.790855407714844e-05
1551,7.152557373046875e-07
1552,2.384185791015625e-07
1553,3.4809112548828125e-05
1554,7.152557373046875e-07
1555,2.384185791015625e-07
1556,3.457069396972656e-05
1557,7.152557373046875e-07
1558,2.384185791015625e-07
1559,3.409385681152344e-05
1560,7.152557373046875e-07
1561,2.384185791015625e-07
1562,3.457069396972656e-05
1563,7.152557373046875e-07
1564,0.0
1565,3.5762786865234375e-05
1566,9.5367431640625e-07
1567,2.384185791015625e-07
1568,3.8623809814453125e-05
1569,9.5367431640625e-07
1570,2.384185791015625e-07
1571,3.457069396972656e-05
1572,7.152557373046875e-07
1573,2.384185791015625e-07
1574,3.3855438232421875e-05
1575,7.152557373046875e-07
1576,2.384185791015625e-07
1577,3.504753112792969e-05
1578,9.5367431640625e-07
1579,2.384185791015625e-07
1580,3.528594970703125e-05
1581,7.152557373046875e-07
1582,2.384185791015625e-07
1583,3.790855407714844e-05
1584,7.152557373046875e-07
1585,2.384185791015625e-07
1586,3.4809112548828125e-05
1587,9.5367431640625e-07
1588,2.384185791015625e-07
1589,3.3855438232421875e-05
1590,4.76837158203125e-07
1591,2.384185791015625e-07
1592,3.409385681152344e-05
1593,4.76837158203125e-07
1594,2.384185791015625e-07
1595,3.528594970703125e-05
1596,4.76837158203125e-07
1597,2.384185791015625e-07
1598,3.4809112548828125e-05
1599,7.152557373046875e-07
1600,2.384185791015625e-07
1601,3.719329833984375e-05
1602,7.152557373046875e-07
1603,4.76837158203125e-07
1604,3.3855438232421875e-05
1605,9.5367431640625e-07
1606,2.384185791015625e-07
1607,3.4809112548828125e-05
1608,7.152557373046875e-07
1609,2.384185791015625e-07
1610,3.504753112792969e-05
1611,7.152557373046875e-07
1612,2.384185791015625e-07
1613,3.6716461181640625e-05
1614,7.152557373046875e-07
1615,2.384185791015625e-07
1616,3.4332275390625e-05
1617,7.152557373046875e-07
1618,2.384185791015625e-07
1619,3.790855407714844e-05
1620,4.76837158203125e-07
1621,2.384185791015625e-07
1622,3.5762786865234375e-05
1623,4.76837158203125e-07
1624,2.384185791015625e-07
1625,3.4809112548828125e-05
1626,7.152557373046875e-07
1627,2.384185791015625e-07
1628,3.409385681152344e-05
1629,4.76837158203125e-07
1630,4.76837158203125e-07
1631,3.6716461181640625e-05
1632,7.152557373046875e-07
1633,4.76837158203125e-07
1634,3.528594970703125e-05
1635,4.76837158203125e-07
1636,2.384185791015625e-07
1637,3.4332275390625e-05
1638,7.152557373046875e-07
1639,2.384185791015625e-07
1640,3.528594970703125e-05
1641,4.76837158203125e-07
1642,0.0
1643,3.7670135498046875e-05
1644,4.76837158203125e-07
1645,2.384185791015625e-07
1646,3.409385681152344e-05
1647,7.152557373046875e-07
1648,2.384185791015625e-07
1649,3.4332275390625e-05
1650,4.76837158203125e-07
1651,2.384185791015625e-07
1652,3.4332275390625e-05
1653,4.76837158203125e-07
1654,2.384185791015625e-07
1655,3.3855438232421875e-05
1656,7.152557373046875e-07
1657,2.384185791015625e-07
1658,3.457069396972656e-05
1659,7.152557373046875e-07
1660,0.0
1661,3.695487976074219e-05
1662,9.5367431640625e-07
1663,2.384185791015625e-07
1664,3.552436828613281e-05
1665,4.76837158203125e-07
1666,2.384185791015625e-07
1667,3.457069396972656e-05
1668,4.76837158203125e-07
1669,2.384185791015625e-07
1670,3.4332275390625e-05
1671,4.76837158203125e-07
1672,2.384185791015625e-07
1673,3.695487976074219e-05
1674,7.152557373046875e-07
1675,2.384185791015625e-07
1676,3.4809112548828125e-05
1677,9.5367431640625e-07
1678,2.384185791015625e-07
1679,3.457069396972656e-05
1680,7.152557373046875e-07
1681,2.384185791015625e-07
1682,3.504753112792969e-05
1683,7.152557373046875e-07
1684,4.76837158203125e-07
1685,3.4332275390625e-05
1686,7.152557373046875e-07
1687,2.384185791015625e-07
1688,3.4332275390625e-05
1689,4.76837158203125e-07
1690,2.384185791015625e-07
1691,3.504753112792969e-05
1692,9.5367431640625e-07
1693,2.384185791015625e-07
1694,3.814697265625e-05
1695,4.76837158203125e-07
1696,2.384185791015625e-07
1697,3.4809112548828125e-05
1698,4.76837158203125e-07
1699,0.0
1700,3.3855438232421875e-05
1701,4.76837158203125e-07
1702,0.0
1703,3.337860107421875e-05
1704,7.152557373046875e-07
1705,2.384185791015625e-07
1706,3.7670135498046875e-05
1707,7.152557373046875e-07
1708,2.384185791015625e-07
1709,3.552436828613281e-05
1710,7.152557373046875e-07
1711,2.384185791015625e-07
1712,3.337860107421875e-05
1713,9.5367431640625e-07
1714,2.384185791015625e-07
1715,3.409385681152344e-05
1716,4.76837158203125e-07
1717,2.384185791015625e-07
1718,3.457069396972656e-05
1719,7.152557373046875e-07
1720,2.384185791015625e-07
1721,3.4809112548828125e-05
1722,7.152557373046875e-07
1723,2.384185791015625e-07
1724,3.790855407714844e-05
1725,4.76837158203125e-07
1726,2.384185791015625e-07
1727,3.409385681152344e-05
1728,4.76837158203125e-07
1729,2.384185791015625e-07
1730,3.4809112548828125e-05
1731,9.5367431640625e-07
1732,2.384185791015625e-07
1733,3.504753112792969e-05
1734,7.152557373046875e-07
1735,2.384185791015625e-07
1736,9.202957153320312e-05
1737,9.5367431640625e-07
1738,2.384185791015625e-07
1739,3.600120544433594e-05
1740,7.152557373046875e-07
1741,2.384185791015625e-07
1742,3.504753112792969e-05
1743,4.76837158203125e-07
1744,2.384185791015625e-07
1745,3.409385681152344e-05
1746,9.5367431640625e-07
1747,2.384185791015625e-07
1748,3.4809112548828125e-05
1749,4.76837158203125e-07
1750,0.0
1751,3.528594970703125e-05
1752,7.152557373046875e-07
1753,0.0
1754,3.719329833984375e-05
1755,4.76837158203125e-07
1756,2.384185791015625e-07
1757,3.337860107421875e-05
1758,7.152557373046875e-07
1759,2.384185791015625e-07
1760,3.504753112792969e-05
1761,4.76837158203125e-07
1762,2.384185791015625e-07
1763,3.4809112548828125e-05
1764,9.5367431640625e-07
1765,2.384185791015625e-07
1766,3.8623809814453125e-05
1767,7.152557373046875e-07
1768,2.384185791015625e-07
1769,3.528594970703125e-05
1770,4.76837158203125e-07
1771,2.384185791015625e-07
1772,3.4332275390625e-05
1773,7.152557373046875e-07
1774,2.384185791015625e-07
1775,3.4332275390625e-05
1776,4.76837158203125e-07
1777,2.384185791015625e-07
1778,3.5762786865234375e-05
1779,4.76837158203125e-07
1780,2.384185791015625e-07
1781,3.504753112792969e-05
1782,4.76837158203125e-07
1783,4.76837158203125e-07
1784,3.504753112792969e-05
1785,7.152557373046875e-07
1786,2.384185791015625e-07
1787,3.7670135498046875e-05
1788,4.76837158203125e-07
1789,2.384185791015625e-07
1790,3.5762786865234375e-05
1791,7.152557373046875e-07
1792,2.384185791015625e-07
1793,3.5762786865234375e-05
1794,9.5367431640625e-07
1795,2.384185791015625e-07
1796,3.4809112548828125e-05
1797,7.152557373046875e-07
1798,2.384185791015625e-07
1799,3.743171691894531e-05
1800,4.76837158203125e-07
1801,2.384185791015625e-07
1802,3.528594970703125e-05
1803,4.76837158203125e-07
1804,2.384185791015625e-07
1805,3.4332275390625e-05
1806,7.152557373046875e-07
1807,2.384185791015625e-07
1808,3.647804260253906e-05
1809,7.152557373046875e-07
1810,2.384185791015625e-07
1811,3.4332275390625e-05
1812,4.76837158203125e-07
1813,2.384185791015625e-07
1814,3.409385681152344e-05
1815,7.152557373046875e-07
1816,2.384185791015625e-07
1817,3.790855407714844e-05
1818,9.5367431640625e-07
1819,2.384185791015625e-07
1820,3.600120544433594e-05
1821,7.152557373046875e-07
1822,2.384185791015625e-07
1823,3.4332275390625e-05
1824,4.76837158203125e-07
1825,2.384185791015625e-07
1826,3.4809112548828125e-05
1827,7.152557373046875e-07
1828,0.0
1829,3.790855407714844e-05
1830,4.76837158203125e-07
1831,2.384185791015625e-07
1832,3.695487976074219e-05
1833,7.152557373046875e-07
1834,2.384185791015625e-07
1835,3.528594970703125e-05
1836,4.76837158203125e-07
1837,2.384185791015625e-07
1838,3.4332275390625e-05
1839,7.152557373046875e-07
1840,2.384185791015625e-07
1841,3.3855438232421875e-05
1842,7.152557373046875e-07
1843,2.384185791015625e-07
1844,3.5762786865234375e-05
1845,7.152557373046875e-07
1846,2.384185791015625e-07
1847,3.7670135498046875e-05
1848,4.76837158203125e-07
1849,2.384185791015625e-07
1850,3.552436828613281e-05
1851,4.76837158203125e-07
1852,2.384185791015625e-07
1853,3.409385681152344e-05
1854,4.76837158203125e-07
1855,2.384185791015625e-07
1856,3.457069396972656e-05
1857,4.76837158203125e-07
1858,2.384185791015625e-07
1859,3.719329833984375e-05
1860,4.76837158203125e-07
1861,2.384185791015625e-07
1862,3.504753112792969e-05
1863,7.152557373046875e-07
1864,2.384185791015625e-07
1865,3.504753112792969e-05
1866,7.152557373046875e-07
1867,2.384185791015625e-07
1868,3.528594970703125e-05
1869,7.152557373046875e-07
1870,4.76837158203125e-07
1871,3.4809112548828125e-05
1872,4.76837158203125e-07
1873,2.384185791015625e-07
1874,3.600120544433594e-05
1875,9.5367431640625e-07
1876,2.384185791015625e-07
1877,3.504753112792969e-05
1878,4.76837158203125e-07
1879,2.384185791015625e-07
1880,3.790855407714844e-05
1881,7.152557373046875e-07
1882,4.76837158203125e-07
1883,3.3855438232421875e-05
1884,9.5367431640625e-07
1885,2.384185791015625e-07
1886,3.457069396972656e-05
1887,4.76837158203125e-07
1888,2.384185791015625e-07
1889,3.361701965332031e-05
1890,4.76837158203125e-07
1891,2.384185791015625e-07
1892,3.7670135498046875e-05
1893,4.76837158203125e-07
1894,0.0
1895,3.504753112792969e-05
1896,4.76837158203125e-07
1897,2.384185791015625e-07
1898,3.409385681152344e-05
1899,4.76837158203125e-07
1900,2.384185791015625e-07
1901,3.4332275390625e-05
1902,4.76837158203125e-07
1903,4.76837158203125e-07
1904,3.5762786865234375e-05
1905,7.152557373046875e-07
1906,2.384185791015625e-07
1907,3.457069396972656e-05
1908,4.76837158203125e-07
1909,2.384185791015625e-07
1910,3.7670135498046875e-05
1911,4.76837158203125e-07
1912,2.384185791015625e-07
1913,3.409385681152344e-05
1914,7.152557373046875e-07
1915,2.384185791015625e-07
1916,3.457069396972656e-05
1917,4.76837158203125e-07
1918,0.0
1919,3.504753112792969e-05
1920,4.76837158203125e-07
1921,2.384185791015625e-07
1922,3.743171691894531e-05
1923,4.76837158203125e-07
1924,2.384185791015625e-07
1925,3.409385681152344e-05
1926,4.76837158203125e-07
1927,2.384185791015625e-07
1928,3.504753112792969e-05
1929,7.152557373046875e-07
1930,2.384185791015625e-07
1931,3.3855438232421875e-05
1932,4.76837158203125e-07
1933,2.384185791015625e-07
1934,3.552436828613281e-05
1935,4.76837158203125e-07
1936,2.384185791015625e-07
1937,3.457069396972656e-05
1938,7.152557373046875e-07
1939,2.384185791015625e-07
1940,3.743171691894531e-05
1941,9.5367431640625e-07
1942,2.384185791015625e-07
1943,3.5762786865234375e-05
1944,7.152557373046875e-07
1945,0.0
1946,3.504753112792969e-05
1947,4.76837158203125e-07
1948,2.384185791015625e-07
1949,3.4332275390625e-05
1950,7.152557373046875e-07
1951,2.384185791015625e-07
1952,3.7670135498046875e-05
1953,4.76837158203125e-07
1954,2.384185791015625e-07
1955,3.4809112548828125e-05
1956,9.5367431640625e-07
1957,2.384185791015625e-07
1958,3.600120544433594e-05
1959,4.76837158203125e-07
1960,4.76837158203125e-07
1961,3.528594970703125e-05
1962,4.76837158203125e-07
1963,2.384185791015625e-07
1964,3.409385681152344e-05
1965,7.152557373046875e-07
1966,2.384185791015625e-07
1967,3.409385681152344e-05
1968,4.76837158203125e-07
1969,4.76837158203125e-07
1970,3.457069396972656e-05
1971,7.152557373046875e-07
1972,2.384185791015625e-07
1973,3.790855407714844e-05
1974,7.152557373046875e-07
1975,2.384185791015625e-07
1976,3.528594970703125e-05
1977,7.152557373046875e-07
1978,2.384185791015625e-07
1979,3.3855438232421875e-05
1980,7.152557373046875e-07
1981,2.384185791015625e-07
1982,3.4809112548828125e-05
1983,4.76837158203125e-07
1984,2.384185791015625e-07
1985,3.933906555175781e-05
1986,7.152557373046875e-07
1987,2.384185791015625e-07
1988,3.4809112548828125e-05
1989,7.152557373046875e-07
1990,2.384185791015625e-07
1991,3.5762786865234375e-05
1992,7.152557373046875e-07
1993,2.384185791015625e-07
1994,3.409385681152344e-05
1995,4.76837158203125e-07
1996,2.384185791015625e-07
1997,3.4332275390625e-05
1998,9.5367431640625e-07
1999,2.384185791015625e-07
2000,3.4809112548828125e-05
2001,4.76837158203125e-07
2002,2.384185791015625e-07
2003,3.7670135498046875e-05
2004,7.152557373046875e-07
2005,2.384185791015625e-07
2006,3.600120544433594e-05
2007,4.76837158203125e-07
2008,2.384185791015625e-07
2009,3.4809112548828125e-05
2010,4.76837158203125e-07
2011,2.384185791015625e-07
2012,3.4332275390625e-05
2013,9.5367431640625e-07
2014,2.384185791015625e-07
2015,3.695487976074219e-05
2016,7.152557373046875e-07
2017,2.384185791015625e-07
2018,3.4809112548828125e-05
2019,4.76837158203125e-07
2020,2.384185791015625e-07
2021,3.4332275390625e-05
2022,7.152557373046875e-07
2023,2.384185791015625e-07
2024,3.886222839355469e-05
2025,7.152557373046875e-07
2026,2.384185791015625e-07
2027,3.552436828613281e-05
2028,4.76837158203125e-07
2029,2.384185791015625e-07
2030,3.4809112548828125e-05
2031,4.76837158203125e-07
2032,2.384185791015625e-07
2033,3.743171691894531e-05
2034,7.152557373046875e-07
2035,2.384185791015625e-07
2036,3.4809112548828125e-05
2037,9.5367431640625e-07
2038,2.384185791015625e-07
2039,3.457069396972656e-05
2040,7.152557373046875e-07
2041,2.384185791015625e-07
2042,3.4332275390625e-05
2043,7.152557373046875e-07
2044,2.384185791015625e-07
2045,3.838539123535156e-05
2046,7.152557373046875e-07
2047,2.384185791015625e-07
2048,3.4809112548828125e-05
2049,4.76837158203125e-07
2050,2.384185791015625e-07
2051,3.4332275390625e-05
2052,4.76837158203125e-07
2053,4.76837158203125e-07
2054,3.504753112792969e-05
2055,4.76837158203125e-07
2056,2.384185791015625e-07
2057,0.00014281272888183594
2058,7.152557373046875e-07
2059,4.76837158203125e-07
2060,3.8623809814453125e-05
2061,7.152557373046875e-07
2062,2.384185791015625e-07
2063,3.719329833984375e-05
2064,4.76837158203125e-07
2065,2.384185791015625e-07
2066,3.647804260253906e-05
2067,7.152557373046875e-07
2068,2.384185791015625e-07
2069,3.5762786865234375e-05
2070,7.152557373046875e-07
2071,2.384185791015625e-07
2072,3.4332275390625e-05
2073,4.76837158203125e-07
2074,0.0
2075,3.719329833984375e-05
2076,4.76837158203125e-07
2077,2.384185791015625e-07
2078,3.409385681152344e-05
2079,7.152557373046875e-07
2080,0.0
2081,3.647804260253906e-05
2082,4.76837158203125e-07
2083,2.384185791015625e-07
2084,3.4809112548828125e-05
2085,7.152557373046875e-07
2086,0.0
2087,3.457069396972656e-05
2088,7.152557373046875e-07
2089,2.384185791015625e-07
2090,3.361701965332031e-05
2091,4.76837158203125e-07
2092,2.384185791015625e-07
2093,3.409385681152344e-05
2094,4.76837158203125e-07
2095,2.384185791015625e-07
2096,3.695487976074219e-05
2097,4.76837158203125e-07
2098,2.384185791015625e-07
2099,3.3855438232421875e-05
2100,4.76837158203125e-07
2101,2.384185791015625e-07
2102,3.457069396972656e-05
2103,7.152557373046875e-07
2104,2.384185791015625e-07
2105,3.361701965332031e-05
2106,9.5367431640625e-07
2107,2.384185791015625e-07
2108,3.695487976074219e-05
2109,4.76837158203125e-07
2110,2.384185791015625e-07
2111,3.4332275390625e-05
2112,7.152557373046875e-07
2113,2.384185791015625e-07
2114,3.552436828613281e-05
2115,4.76837158203125e-07
2116,2.384185791015625e-07
2117,3.4809112548828125e-05
2118,4.76837158203125e-07
2119,2.384185791015625e-07
2120,3.3855438232421875e-05
2121,7.152557373046875e-07
2122,2.384185791015625e-07
2123,3.552436828613281e-05
2124,4.76837158203125e-07
2125,2.384185791015625e-07
2126,3.719329833984375e-05
2127,7.152557373046875e-07
2128,2.384185791015625e-07
2129,3.4809112548828125e-05
2130,7.152557373046875e-07
2131,2.384185791015625e-07
2132,3.3855438232421875e-05
2133,9.5367431640625e-07
2134,2.384185791015625e-07
2135,3.4809112548828125e-05
2136,4.76837158203125e-07
2137,2.384185791015625e-07
2138,3.814697265625e-05
2139,4.76837158203125e-07
2140,2.384185791015625e-07
2141,3.4809112548828125e-05
2142,4.76837158203125e-07
2143,2.384185791015625e-07
2144,3.504753112792969e-05
2145,4.76837158203125e-07
2146,2.384185791015625e-07
2147,3.409385681152344e-05
2148,4.76837158203125e-07
2149,2.384185791015625e-07
2150,3.314018249511719e-05
2151,4.76837158203125e-07
2152,4.76837158203125e-07
2153,3.504753112792969e-05
2154,4.76837158203125e-07
2155,2.384185791015625e-07
2156,3.528594970703125e-05
2157,9.5367431640625e-07
2158,2.384185791015625e-07
2159,3.647804260253906e-05
2160,7.152557373046875e-07
2161,2.384185791015625e-07
2162,3.3855438232421875e-05
2163,4.76837158203125e-07
2164,2.384185791015625e-07
2165,3.528594970703125e-05
2166,4.76837158203125e-07
2167,2.384185791015625e-07
2168,3.7670135498046875e-05
2169,4.76837158203125e-07
2170,2.384185791015625e-07
2171,3.528594970703125e-05
2172,7.152557373046875e-07
2173,2.384185791015625e-07
2174,3.409385681152344e-05
2175,7.152557373046875e-07
2176,2.384185791015625e-07
2177,3.528594970703125e-05
2178,7.152557373046875e-07
2179,2.384185791015625e-07
2180,3.457069396972656e-05
2181,4.76837158203125e-07
2182,2.384185791015625e-07
2183,3.4332275390625e-05
2184,4.76837158203125e-07
2185,2.384185791015625e-07
2186,3.552436828613281e-05
2187,4.76837158203125e-07
2188,2.384185791015625e-07
2189,3.6716461181640625e-05
2190,7.152557373046875e-07
2191,2.384185791015625e-07
2192,3.457069396972656e-05
2193,4.76837158203125e-07
2194,0.0
2195,3.552436828613281e-05
2196,4.76837158203125e-07
2197,2.384185791015625e-07
2198,3.4809112548828125e-05
2199,9.5367431640625e-07
2200,2.384185791015625e-07
2201,3.743171691894531e-05
2202,4.76837158203125e-07
2203,2.384185791015625e-07
2204,3.4332275390625e-05
2205,4.76837158203125e-07
2206,2.384185791015625e-07
2207,3.4332275390625e-05
2208,7.152557373046875e-07
2209,2.384185791015625e-07
2210,3.361701965332031e-05
2211,9.5367431640625e-07
2212,2.384185791015625e-07
2213,3.504753112792969e-05
2214,4.76837158203125e-07
2215,2.384185791015625e-07
2216,3.409385681152344e-05
2217,7.152557373046875e-07
2218,2.384185791015625e-07
2219,3.6716461181640625e-05
2220,4.76837158203125e-07
2221,2.384185791015625e-07
2222,3.695487976074219e-05
2223,7.152557373046875e-07
2224,2.384185791015625e-07
2225,3.4809112548828125e-05
2226,4.76837158203125e-07
2227,2.384185791015625e-07
2228,3.457069396972656e-05
2229,7.152557373046875e-07
2230,2.384185791015625e-07
2231,3.7670135498046875e-05
2232,7.152557373046875e-07
2233,2.384185791015625e-07
2234,3.4332275390625e-05
2235,7.152557373046875e-07
2236,2.384185791015625e-07
2237,3.528594970703125e-05
2238,4.76837158203125e-07
2239,2.384185791015625e-07
2240,3.528594970703125e-05
2241,7.152557373046875e-07
2242,2.384185791015625e-07
2243,3.4332275390625e-05
2244,4.76837158203125e-07
2245,2.384185791015625e-07
2246,3.457069396972656e-05
2247,7.152557373046875e-07
2248,2.384185791015625e-07
2249,3.4332275390625e-05
2250,9.5367431640625e-07
2251,2.384185791015625e-07
2252,3.647804260253906e-05
2253,9.5367431640625e-07
2254,2.384185791015625e-07
2255,3.409385681152344e-05
2256,7.152557373046875e-07
2257,2.384185791015625e-07
2258,3.4332275390625e-05
2259,4.76837158203125e-07
2260,2.384185791015625e-07
2261,3.743171691894531e-05
2262,7.152557373046875e-07
2263,2.384185791015625e-07
2264,3.600120544433594e-05
2265,7.152557373046875e-07
2266,2.384185791015625e-07
2267,3.409385681152344e-05
2268,9.5367431640625e-07
2269,2.384185791015625e-07
2270,3.4809112548828125e-05
2271,9.5367431640625e-07
2272,2.384185791015625e-07
2273,3.3855438232421875e-05
2274,7.152557373046875e-07
2275,2.384185791015625e-07
2276,3.409385681152344e-05
2277,7.152557373046875e-07
2278,2.384185791015625e-07
2279,3.409385681152344e-05
2280,7.152557373046875e-07
2281,2.384185791015625e-07
2282,3.9577484130859375e-05
2283,4.76837158203125e-07
2284,2.384185791015625e-07
2285,3.457069396972656e-05
2286,7.152557373046875e-07
2287,2.384185791015625e-07
2288,3.504753112792969e-05
2289,7.152557373046875e-07
2290,2.384185791015625e-07
2291,3.4809112548828125e-05
2292,7.152557373046875e-07
2293,2.384185791015625e-07
2294,3.7670135498046875e-05
2295,4.76837158203125e-07
2296,2.384185791015625e-07
2297,3.5762786865234375e-05
2298,4.76837158203125e-07
2299,2.384185791015625e-07
2300,3.457069396972656e-05
2301,4.76837158203125e-07
2302,2.384185791015625e-07
2303,3.457069396972656e-05
2304,4.76837158203125e-07
2305,2.384185791015625e-07
2306,3.528594970703125e-05
2307,7.152557373046875e-07
2308,4.76837158203125e-07
2309,3.409385681152344e-05
2310,7.152557373046875e-07
2311,0.0
2312,3.814697265625e-05
2313,7.152557373046875e-07
2314,2.384185791015625e-07
2315,3.528594970703125e-05
2316,7.152557373046875e-07
2317,2.384185791015625e-07
2318,3.3855438232421875e-05
2319,7.152557373046875e-07
2320,2.384185791015625e-07
2321,3.457069396972656e-05
2322,4.76837158203125e-07
2323,0.0
2324,3.7670135498046875e-05
2325,7.152557373046875e-07
2326,2.384185791015625e-07
2327,3.457069396972656e-05
2328,7.152557373046875e-07
2329,2.384185791015625e-07
2330,3.5762786865234375e-05
2331,7.152557373046875e-07
2332,2.384185791015625e-07
2333,3.552436828613281e-05
2334,4.76837158203125e-07
2335,2.384185791015625e-07
2336,3.409385681152344e-05
2337,7.152557373046875e-07
2338,4.76837158203125e-07
2339,3.4809112548828125e-05
2340,4.76837158203125e-07
2341,0.0
2342,3.361701965332031e-05
2343,7.152557373046875e-07
2344,2.384185791015625e-07
2345,3.7670135498046875e-05
2346,7.152557373046875e-07
2347,2.384185791015625e-07
2348,3.552436828613281e-05
2349,7.152557373046875e-07
2350,2.384185791015625e-07
2351,3.4809112548828125e-05
2352,4.76837158203125e-07
2353,2.384185791015625e-07
2354,3.719329833984375e-05
2355,7.152557373046875e-07
2356,4.76837158203125e-07
2357,3.409385681152344e-05
2358,7.152557373046875e-07
2359,2.384185791015625e-07
2360,3.4332275390625e-05
2361,7.152557373046875e-07
2362,2.384185791015625e-07
2363,3.4809112548828125e-05
2364,9.5367431640625e-07
2365,2.384185791015625e-07
2366,3.504753112792969e-05
2367,4.76837158203125e-07
2368,2.384185791015625e-07
2369,3.504753112792969e-05
2370,4.76837158203125e-07
2371,2.384185791015625e-07
2372,3.457069396972656e-05
2373,4.76837158203125e-07
2374,2.384185791015625e-07
2375,9.298324584960938e-05
2376,1.1920928955078125e-06
2377,7.152557373046875e-07
2378,4.5299530029296875e-05
2379,9.5367431640625e-07
2380,2.384185791015625e-07
2381,3.528594970703125e-05
2382,4.76837158203125e-07
2383,2.384185791015625e-07
2384,3.3855438232421875e-05
2385,4.76837158203125e-07
2386,2.384185791015625e-07
2387,3.719329833984375e-05
2388,4.76837158203125e-07
2389,2.384185791015625e-07
2390,3.504753112792969e-05
2391,7.152557373046875e-07
2392,2.384185791015625e-07
2393,3.528594970703125e-05
2394,4.76837158203125e-07
2395,2.384185791015625e-07
2396,3.457069396972656e-05
2397,7.152557373046875e-07
2398,2.384185791015625e-07
2399,3.409385681152344e-05
2400,4.76837158203125e-07
2401,0.0
2402,3.361701965332031e-05
2403,7.152557373046875e-07
2404,2.384185791015625e-07
2405,3.6716461181640625e-05
2406,9.5367431640625e-07
2407,2.384185791015625e-07
2408,3.5762786865234375e-05
2409,4.76837158203125e-07
2410,2.384185791015625e-07
2411,3.3855438232421875e-05
2412,4.76837158203125e-07
2413,4.76837158203125e-07
2414,3.3855438232421875e-05
2415,7.152557373046875e-07
2416,2.384185791015625e-07
2417,3.790855407714844e-05
2418,4.76837158203125e-07
2419,2.384185791015625e-07
2420,3.5762786865234375e-05
2421,7.152557373046875e-07
2422,0.0
2423,3.4809112548828125e-05
2424,7.152557373046875e-07
2425,2.384185791015625e-07
2426,3.4809112548828125e-05
2427,7.152557373046875e-07
2428,4.76837158203125e-07
2429,3.409385681152344e-05
2430,9.5367431640625e-07
2431,2.384185791015625e-07
2432,3.528594970703125e-05
2433,7.152557373046875e-07
2434,2.384185791015625e-07
2435,3.457069396972656e-05
2436,7.152557373046875e-07
2437,2.384185791015625e-07
2438,3.7670135498046875e-05
2439,7.152557373046875e-07
2440,2.384185791015625e-07
2441,3.528594970703125e-05
2442,4.76837158203125e-07
2443,2.384185791015625e-07
2444,3.4332275390625e-05
2445,7.152557373046875e-07
2446,2.384185791015625e-07
2447,3.814697265625e-05
2448,7.152557373046875e-07
2449,2.384185791015625e-07
2450,3.4809112548828125e-05
2451,7.152557373046875e-07
2452,2.384185791015625e-07
2453,3.3855438232421875e-05
2454,9.5367431640625e-07
2455,2.384185791015625e-07
2456,3.409385681152344e-05
2457,7.152557373046875e-07
2458,2.384185791015625e-07
2459,3.504753112792969e-05
2460,7.152557373046875e-07
2461,2.384185791015625e-07
2462,3.457069396972656e-05
2463,9.5367431640625e-07
2464,2.384185791015625e-07
2465,3.528594970703125e-05
2466,7.152557373046875e-07
2467,2.384185791015625e-07
2468,3.719329833984375e-05
2469,7.152557373046875e-07
2470,2.384185791015625e-07
2471,3.3855438232421875e-05
2472,7.152557373046875e-07
2473,2.384185791015625e-07
2474,3.5762786865234375e-05
2475,7.152557373046875e-07
2476,2.384185791015625e-07
2477,3.409385681152344e-05
2478,4.76837158203125e-07
2479,2.384185791015625e-07
2480,3.7670135498046875e-05
2481,4.76837158203125e-07
2482,0.0
2483,3.3855438232421875e-05
2484,7.152557373046875e-07
2485,4.76837158203125e-07
2486,3.409385681152344e-05
2487,7.152557373046875e-07
2488,2.384185791015625e-07
2489,3.552436828613281e-05
2490,4.76837158203125e-07
2491,2.384185791015625e-07
2492,3.5762786865234375e-05
2493,4.76837158203125e-07
2494,2.384185791015625e-07
2495,3.4809112548828125e-05
2496,7.152557373046875e-07
2497,2.384185791015625e-07
2498,3.719329833984375e-05
2499,4.76837158203125e-07
2500,2.384185791015625e-07
2501,3.457069396972656e-05
2502,7.152557373046875e-07
2503,2.384185791015625e-07
2504,3.528594970703125e-05
2505,7.152557373046875e-07
2506,2.384185791015625e-07
2507,3.528594970703125e-05
2508,4.76837158203125e-07
2509,0.0
2510,3.62396240234375e-05
2511,9.5367431640625e-07
2512,2.384185791015625e-07
2513,3.409385681152344e-05
2514,4.76837158203125e-07
2515,2.384185791015625e-07
2516,3.4809112548828125e-05
2517,7.152557373046875e-07
2518,0.0
2519,3.4332275390625e-05
2520,7.152557373046875e-07
2521,2.384185791015625e-07
2522,3.600120544433594e-05
2523,4.76837158203125e-07
2524,2.384185791015625e-07
2525,3.457069396972656e-05
2526,7.152557373046875e-07
2527,2.384185791015625e-07
2528,3.4332275390625e-05
2529,4.76837158203125e-07
2530,2.384185791015625e-07
2531,3.790855407714844e-05
2532,4.76837158203125e-07
2533,2.384185791015625e-07
2534,3.528594970703125e-05
2535,4.76837158203125e-07
2536,2.384185791015625e-07
2537,3.4809112548828125e-05
2538,4.76837158203125e-07
2539,2.384185791015625e-07
2540,3.6716461181640625e-05
2541,4.76837158203125e-07
2542,2.384185791015625e-07
2543,3.4332275390625e-05
2544,7.152557373046875e-07
2545,2.384185791015625e-07
2546,3.4809112548828125e-05
2547,4.76837158203125e-07
2548,2.384185791015625e-07
2549,3.5762786865234375e-05
2550,4.76837158203125e-07
2551,2.384185791015625e-07
2552,3.504753112792969e-05
2553,4.76837158203125e-07
2554,2.384185791015625e-07
2555,3.409385681152344e-05
2556,4.76837158203125e-07
2557,2.384185791015625e-07
2558,3.457069396972656e-05
2559,7.152557373046875e-07
2560,2.384185791015625e-07
2561,3.790855407714844e-05
2562,9.5367431640625e-07
2563,2.384185791015625e-07
2564,3.504753112792969e-05
2565,4.76837158203125e-07
2566,2.384185791015625e-07
2567,3.4809112548828125e-05
2568,7.152557373046875e-07
2569,2.384185791015625e-07
2570,3.5762786865234375e-05
2571,4.76837158203125e-07
2572,2.384185791015625e-07
2573,3.790855407714844e-05
2574,7.152557373046875e-07
2575,2.384185791015625e-07
2576,3.5762786865234375e-05
2577,4.76837158203125e-07
2578,2.384185791015625e-07
2579,3.409385681152344e-05
2580,4.76837158203125e-07
2581,4.76837158203125e-07
2582,3.409385681152344e-05
2583,4.76837158203125e-07
2584,2.384185791015625e-07
2585,3.647804260253906e-05
2586,7.152557373046875e-07
2587,0.0
2588,3.4332275390625e-05
2589,4.76837158203125e-07
2590,2.384185791015625e-07
2591,3.886222839355469e-05
2592,4.76837158203125e-07
2593,2.384185791015625e-07
2594,3.3855438232421875e-05
2595,7.152557373046875e-07
2596,0.0
2597,3.3855438232421875e-05
2598,7.152557373046875e-07
2599,2.384185791015625e-07
2600,3.62396240234375e-05
2601,7.152557373046875e-07
2602,2.384185791015625e-07
2603,3.7670135498046875e-05
2604,7.152557373046875e-07
2605,2.384185791015625e-07
2606,3.457069396972656e-05
2607,7.152557373046875e-07
2608,2.384185791015625e-07
2609,3.457069396972656e-05
2610,7.152557373046875e-07
2611,0.0
2612,3.4332275390625e-05
2613,7.152557373046875e-07
2614,2.384185791015625e-07
2615,3.504753112792969e-05
2616,4.76837158203125e-07
2617,2.384185791015625e-07
2618,3.5762786865234375e-05
2619,4.76837158203125e-07
2620,2.384185791015625e-07
2621,3.3855438232421875e-05
2622,4.76837158203125e-07
2623,2.384185791015625e-07
2624,4.124641418457031e-05
2625,7.152557373046875e-07
2626,4.76837158203125e-07
2627,3.528594970703125e-05
2628,7.152557373046875e-07
2629,2.384185791015625e-07
2630,3.4332275390625e-05
2631,7.152557373046875e-07
2632,2.384185791015625e-07
2633,3.8623809814453125e-05
2634,4.76837158203125e-07
2635,0.0
2636,3.4332275390625e-05
2637,4.76837158203125e-07
2638,2.384185791015625e-07
2639,3.3855438232421875e-05
2640,4.76837158203125e-07
2641,0.0
2642,3.4809112548828125e-05
2643,4.76837158203125e-07
2644,2.384185791015625e-07
2645,3.457069396972656e-05
2646,4.76837158203125e-07
2647,0.0
2648,3.62396240234375e-05
2649,4.76837158203125e-07
2650,2.384185791015625e-07
2651,3.409385681152344e-05
2652,7.152557373046875e-07
2653,2.384185791015625e-07
2654,3.719329833984375e-05
2655,7.152557373046875e-07
2656,2.384185791015625e-07
2657,3.409385681152344e-05
2658,7.152557373046875e-07
2659,2.384185791015625e-07
2660,3.552436828613281e-05
2661,4.76837158203125e-07
2662,2.384185791015625e-07
2663,3.695487976074219e-05
2664,4.76837158203125e-07
2665,0.0
2666,3.4809112548828125e-05
2667,4.76837158203125e-07
2668,2.384185791015625e-07
2669,3.457069396972656e-05
2670,4.76837158203125e-07
2671,2.384185791015625e-07
2672,3.409385681152344e-05
2673,7.152557373046875e-07
2674,2.384185791015625e-07
2675,3.4809112548828125e-05
2676,4.76837158203125e-07
2677,2.384185791015625e-07
2678,3.4332275390625e-05
2679,4.76837158203125e-07
2680,2.384185791015625e-07
2681,3.528594970703125e-05
2682,4.76837158203125e-07
2683,2.384185791015625e-07
2684,3.7670135498046875e-05
2685,7.152557373046875e-07
2686,2.384185791015625e-07
2687,3.4332275390625e-05
2688,4.76837158203125e-07
2689,4.76837158203125e-07
2690,3.552436828613281e-05
2691,4.76837158203125e-07
2692,2.384185791015625e-07
2693,3.457069396972656e-05
2694,4.76837158203125e-07
2695,2.384185791015625e-07
2696,3.8623809814453125e-05
2697,7.152557373046875e-07
2698,2.384185791015625e-07
2699,6.103515625e-05
2700,7.152557373046875e-07
2701,2.384185791015625e-07
2702,3.528594970703125e-05
2703,9.5367431640625e-07
2704,2.384185791015625e-07
2705,3.409385681152344e-05
2706,7.152557373046875e-07
2707,2.384185791015625e-07
2708,3.457069396972656e-05
2709,4.76837158203125e-07
2710,2.384185791015625e-07
2711,3.5762786865234375e-05
2712,7.152557373046875e-07
2713,2.384185791015625e-07
2714,3.504753112792969e-05
2715,4.76837158203125e-07
2716,4.76837158203125e-07
2717,3.743171691894531e-05
2718,7.152557373046875e-07
2719,2.384185791015625e-07
2720,3.409385681152344e-05
2721,4.76837158203125e-07
2722,2.384185791015625e-07
2723,3.409385681152344e-05
2724,4.76837158203125e-07
2725,2.384185791015625e-07
2726,3.790855407714844e-05
2727,7.152557373046875e-07
2728,2.384185791015625e-07
2729,3.552436828613281e-05
2730,4.76837158203125e-07
2731,2.384185791015625e-07
2732,3.4809112548828125e-05
2733,9.5367431640625e-07
2734,2.384185791015625e-07
2735,3.3855438232421875e-05
2736,7.152557373046875e-07
2737,2.384185791015625e-07
2738,3.457069396972656e-05
2739,7.152557373046875e-07
2740,2.384185791015625e-07
2741,3.504753112792969e-05
2742,9.5367431640625e-07
2743,2.384185791015625e-07
2744,3.5762786865234375e-05
2745,7.152557373046875e-07
2746,2.384185791015625e-07
2747,3.743171691894531e-05
2748,4.76837158203125e-07
2749,0.0
2750,3.4809112548828125e-05
2751,7.152557373046875e-07
2752,2.384185791015625e-07
2753,3.695487976074219e-05
2754,4.76837158203125e-07
2755,2.384185791015625e-07
2756,3.695487976074219e-05
2757,7.152557373046875e-07
2758,2.384185791015625e-07
2759,3.62396240234375e-05
2760,4.76837158203125e-07
2761,2.384185791015625e-07
2762,3.552436828613281e-05
2763,7.152557373046875e-07
2764,0.0
2765,3.4332275390625e-05
2766,4.76837158203125e-07
2767,2.384185791015625e-07
2768,3.528594970703125e-05
2769,4.76837158203125e-07
2770,2.384185791015625e-07
2771,3.4332275390625e-05
2772,9.5367431640625e-07
2773,2.384185791015625e-07
2774,3.600120544433594e-05
2775,4.76837158203125e-07
2776,2.384185791015625e-07
2777,3.814697265625e-05
2778,4.76837158203125e-07
2779,2.384185791015625e-07
2780,3.457069396972656e-05
2781,7.152557373046875e-07
2782,2.384185791015625e-07
2783,3.4332275390625e-05
2784,7.152557373046875e-07
2785,2.384185791015625e-07
2786,3.504753112792969e-05
2787,7.152557373046875e-07
2788,2.384185791015625e-07
2789,3.695487976074219e-05
2790,7.152557373046875e-07
2791,2.384185791015625e-07
2792,3.4809112548828125e-05
2793,4.76837158203125e-07
2794,2.384185791015625e-07
2795,3.552436828613281e-05
2796,7.152557373046875e-07
2797,2.384185791015625e-07
2798,3.457069396972656e-05
2799,4.76837158203125e-07
2800,2.384185791015625e-07
2801,3.457069396972656e-05
2802,7.152557373046875e-07
2803,2.384185791015625e-07
2804,3.457069396972656e-05
2805,7.152557373046875e-07
2806,2.384185791015625e-07
2807,3.4332275390625e-05
2808,4.76837158203125e-07
2809,2.384185791015625e-07
2810,3.814697265625e-05
2811,9.5367431640625e-07
2812,2.384185791015625e-07
2813,3.457069396972656e-05
2814,4.76837158203125e-07
2815,0.0
2816,3.504753112792969e-05
2817,4.76837158203125e-07
2818,2.384185791015625e-07
2819,3.695487976074219e-05
2820,9.5367431640625e-07
2821,2.384185791015625e-07
2822,3.504753112792969e-05
2823,7.152557373046875e-07
2824,2.384185791015625e-07
2825,3.600120544433594e-05
2826,4.76837158203125e-07
2827,2.384185791015625e-07
2828,3.5762786865234375e-05
2829,4.76837158203125e-07
2830,2.384185791015625e-07
2831,3.457069396972656e-05
2832,4.76837158203125e-07
2833,2.384185791015625e-07
2834,3.4809112548828125e-05
2835,4.76837158203125e-07
2836,2.384185791015625e-07
2837,3.4332275390625e-05
2838,9.5367431640625e-07
2839,2.384185791015625e-07
2840,3.790855407714844e-05
2841,4.76837158203125e-07
2842,2.384185791015625e-07
2843,3.552436828613281e-05
2844,7.152557373046875e-07
2845,2.384185791015625e-07
2846,3.337860107421875e-05
2847,4.76837158203125e-07
2848,0.0
2849,3.6716461181640625e-05
2850,9.5367431640625e-07
2851,2.384185791015625e-07
2852,3.4809112548828125e-05
2853,7.152557373046875e-07
2854,2.384185791015625e-07
2855,3.4332275390625e-05
2856,4.76837158203125e-07
2857,0.0
2858,3.62396240234375e-05
2859,7.152557373046875e-07
2860,2.384185791015625e-07
2861,3.3855438232421875e-05
2862,4.76837158203125e-07
2863,2.384185791015625e-07
2864,3.457069396972656e-05
2865,4.76837158203125e-07
2866,2.384185791015625e-07
2867,3.457069396972656e-05
2868,4.76837158203125e-07
2869,2.384185791015625e-07
2870,3.814697265625e-05
2871,4.76837158203125e-07
2872,2.384185791015625e-07
2873,3.600120544433594e-05
2874,4.76837158203125e-07
2875,2.384185791015625e-07
2876,3.4332275390625e-05
2877,7.152557373046875e-07
2878,2.384185791015625e-07
2879,3.504753112792969e-05
2880,9.5367431640625e-07
2881,2.384185791015625e-07
2882,3.7670135498046875e-05
2883,4.76837158203125e-07
2884,0.0
2885,3.4809112548828125e-05
2886,7.152557373046875e-07
2887,2.384185791015625e-07
2888,3.552436828613281e-05
2889,7.152557373046875e-07
2890,2.384185791015625e-07
2891,3.4332275390625e-05
2892,7.152557373046875e-07
2893,2.384185791015625e-07
2894,3.528594970703125e-05
2895,4.76837158203125e-07
2896,2.384185791015625e-07
2897,3.3855438232421875e-05
2898,4.76837158203125e-07
2899,2.384185791015625e-07
2900,3.457069396972656e-05
2901,4.76837158203125e-07
2902,2.384185791015625e-07
2903,3.8623809814453125e-05
2904,9.5367431640625e-07
2905,2.384185791015625e-07
2906,3.552436828613281e-05
2907,7.152557373046875e-07
2908,2.384185791015625e-07
2909,3.409385681152344e-05
2910,9.5367431640625e-07
2911,2.384185791015625e-07
2912,3.743171691894531e-05
2913,7.152557373046875e-07
2914,2.384185791015625e-07
2915,3.528594970703125e-05
2916,7.152557373046875e-07
2917,2.384185791015625e-07
2918,3.337860107421875e-05
2919,4.76837158203125e-07
2920,4.76837158203125e-07
2921,3.600120544433594e-05
2922,7.152557373046875e-07
2923,2.384185791015625e-07
2924,3.457069396972656e-05
2925,7.152557373046875e-07
2926,2.384185791015625e-07
2927,3.504753112792969e-05
2928,4.76837158203125e-07
2929,2.384185791015625e-07
2930,3.4332275390625e-05
2931,7.152557373046875e-07
2932,2.384185791015625e-07
2933,3.62396240234375e-05
2934,4.76837158203125e-07
2935,2.384185791015625e-07
2936,3.528594970703125e-05
2937,9.5367431640625e-07
2938,2.384185791015625e-07
2939,3.4809112548828125e-05
2940,7.152557373046875e-07
2941,2.384185791015625e-07
2942,3.790855407714844e-05
2943,7.152557373046875e-07
2944,4.76837158203125e-07
2945,3.552436828613281e-05
2946,4.76837158203125e-07
2947,2.384185791015625e-07
2948,3.552436828613281e-05
2949,7.152557373046875e-07
2950,2.384185791015625e-07
2951,3.409385681152344e-05
2952,7.152557373046875e-07
2953,2.384185791015625e-07
2954,3.5762786865234375e-05
2955,7.152557373046875e-07
2956,2.384185791015625e-07
2957,3.361701965332031e-05
2958,9.5367431640625e-07
2959,2.384185791015625e-07
2960,3.62396240234375e-05
2961,9.5367431640625e-07
2962,2.384185791015625e-07
2963,3.838539123535156e-05
2964,7.152557373046875e-07
2965,2.384185791015625e-07
2966,3.4332275390625e-05
2967,7.152557373046875e-07
2968,2.384185791015625e-07
2969,3.5762786865234375e-05
2970,7.152557373046875e-07
2971,2.384185791015625e-07
2972,3.695487976074219e-05
2973,4.76837158203125e-07
2974,2.384185791015625e-07
2975,3.4332275390625e-05
2976,7.152557373046875e-07
2977,2.384185791015625e-07
2978,3.361701965332031e-05
2979,7.152557373046875e-07
2980,2.384185791015625e-07
2981,3.337860107421875e-05
2982,7.152557373046875e-07
2983,2.384185791015625e-07
2984,3.5762786865234375e-05
2985,9.5367431640625e-07
2986,2.384185791015625e-07
2987,3.3855438232421875e-05
2988,4.76837158203125e-07
2989,2.384185791015625e-07
2990,3.4809112548828125e-05
2991,7.152557373046875e-07
2992,2.384185791015625e-07
2993,3.3855438232421875e-05
2994,4.76837158203125e-07
2995,2.384185791015625e-07
2996,3.886222839355469e-05
2997,4.76837158203125e-07
2998,2.384185791015625e-07
2999,3.457069396972656e-05
3000,7.152557373046875e-07
3001,2.384185791015625e-07
3002,3.552436828613281e-05
3003,4.76837158203125e-07
3004,2.384185791015625e-07
3005,3.719329833984375e-05
3006,4.76837158203125e-07
3007,2.384185791015625e-07
3008,3.552436828613281e-05
3009,9.5367431640625e-07
3010,2.384185791015625e-07
3011,3.504753112792969e-05
3012,7.152557373046875e-07
3013,2.384185791015625e-07
3014,3.409385681152344e-05
3015,4.76837158203125e-07
3016,2.384185791015625e-07
3017,3.62396240234375e-05
3018,7.152557373046875e-07
3019,2.384185791015625e-07
3020,3.457069396972656e-05
3021,4.76837158203125e-07
3022,2.384185791015625e-07
3023,8.058547973632812e-05
3024,9.5367431640625e-07
3025,2.384185791015625e-07
3026,3.981590270996094e-05
3027,4.76837158203125e-07
3028,0.0
3029,3.457069396972656e-05
3030,7.152557373046875e-07
3031,2.384185791015625e-07
3032,3.528594970703125e-05
3033,4.76837158203125e-07
3034,2.384185791015625e-07
3035,3.743171691894531e-05
3036,4.76837158203125e-07
3037,2.384185791015625e-07
3038,3.528594970703125e-05
3039,7.152557373046875e-07
3040,2.384185791015625e-07
3041,3.457069396972656e-05
3042,4.76837158203125e-07
3043,2.384185791015625e-07
3044,3.4332275390625e-05
3045,4.76837158203125e-07
3046,2.384185791015625e-07
3047,3.62396240234375e-05
3048,4.76837158203125e-07
3049,2.384185791015625e-07
3050,3.4809112548828125e-05
3051,4.76837158203125e-07
3052,2.384185791015625e-07
3053,3.4809112548828125e-05
3054,7.152557373046875e-07
3055,2.384185791015625e-07
3056,3.647804260253906e-05
3057,4.76837158203125e-07
3058,2.384185791015625e-07
3059,3.4809112548828125e-05
3060,4.76837158203125e-07
3061,2.384185791015625e-07
3062,3.457069396972656e-05
3063,4.76837158203125e-07
3064,4.76837158203125e-07
3065,3.7670135498046875e-05
3066,7.152557373046875e-07
3067,2.384185791015625e-07
3068,3.4809112548828125e-05
3069,4.76837158203125e-07
3070,2.384185791015625e-07
3071,3.409385681152344e-05
3072,7.152557373046875e-07
3073,4.76837158203125e-07
3074,3.528594970703125e-05
3075,7.152557373046875e-07
3076,2.384185791015625e-07
3077,3.409385681152344e-05
3078,7.152557373046875e-07
3079,2.384185791015625e-07
3080,3.5762786865234375e-05
3081,4.76837158203125e-07
3082,2.384185791015625e-07
3083,3.3855438232421875e-05
3084,4.76837158203125e-07
3085,2.384185791015625e-07
3086,3.3855438232421875e-05
3087,7.152557373046875e-07
3088,2.384185791015625e-07
3089,3.743171691894531e-05
3090,4.76837158203125e-07
3091,2.384185791015625e-07
3092,3.409385681152344e-05
3093,4.76837158203125e-07
3094,2.384185791015625e-07
3095,3.4809112548828125e-05
3096,4.76837158203125e-07
3097,0.0
3098,3.790855407714844e-05
3099,4.76837158203125e-07
3100,2.384185791015625e-07
3101,3.457069396972656e-05
3102,4.76837158203125e-07
3103,4.76837158203125e-07
3104,3.409385681152344e-05
3105,4.76837158203125e-07
3106,2.384185791015625e-07
3107,3.409385681152344e-05
3108,4.76837158203125e-07
3109,2.384185791015625e-07
3110,3.504753112792969e-05
3111,7.152557373046875e-07
3112,4.76837158203125e-07
3113,3.5762786865234375e-05
3114,4.76837158203125e-07
3115,2.384185791015625e-07
3116,3.457069396972656e-05
3117,9.5367431640625e-07
3118,2.384185791015625e-07
3119,3.647804260253906e-05
3120,9.5367431640625e-07
3121,2.384185791015625e-07
3122,3.4809112548828125e-05
3123,4.76837158203125e-07
3124,2.384185791015625e-07
3125,3.3855438232421875e-05
3126,4.76837158203125e-07
3127,2.384185791015625e-07
3128,3.7670135498046875e-05
3129,7.152557373046875e-07
3130,2.384185791015625e-07
3131,3.5762786865234375e-05
3132,4.76837158203125e-07
3133,2.384185791015625e-07
3134,3.457069396972656e-05
3135,4.76837158203125e-07
3136,2.384185791015625e-07
3137,3.504753112792969e-05
3138,4.76837158203125e-07
3139,2.384185791015625e-07
3140,3.3855438232421875e-05
3141,7.152557373046875e-07
3142,2.384185791015625e-07
3143,3.504753112792969e-05
3144,7.152557373046875e-07
3145,2.384185791015625e-07
3146,3.4809112548828125e-05
3147,7.152557373046875e-07
3148,2.384185791015625e-07
3149,3.695487976074219e-05
3150,7.152557373046875e-07
3151,0.0
3152,3.457069396972656e-05
3153,7.152557373046875e-07
3154,2.384185791015625e-07
3155,3.361701965332031e-05
3156,4.76837158203125e-07
3157,4.76837158203125e-07
3158,3.719329833984375e-05
3159,9.5367431640625e-07
3160,2.384185791015625e-07
3161,3.552436828613281e-05
3162,7.152557373046875e-07
3163,2.384185791015625e-07
3164,3.7670135498046875e-05
3165,7.152557373046875e-07
3166,4.76837158203125e-07
3167,3.361701965332031e-05
3168,7.152557373046875e-07
3169,2.384185791015625e-07
3170,3.4332275390625e-05
3171,7.152557373046875e-07
3172,2.384185791015625e-07
3173,3.361701965332031e-05
3174,7.152557373046875e-07
3175,2.384185791015625e-07
3176,3.790855407714844e-05
3177,7.152557373046875e-07
3178,2.384185791015625e-07
3179,3.552436828613281e-05
3180,7.152557373046875e-07
3181,2.384185791015625e-07
3182,3.719329833984375e-05
3183,4.76837158203125e-07
3184,2.384185791015625e-07
3185,3.504753112792969e-05
3186,7.152557373046875e-07
3187,4.76837158203125e-07
3188,3.719329833984375e-05
3189,9.5367431640625e-07
3190,2.384185791015625e-07
3191,3.409385681152344e-05
3192,4.76837158203125e-07
3193,2.384185791015625e-07
3194,3.62396240234375e-05
3195,7.152557373046875e-07
3196,2.384185791015625e-07
3197,3.4332275390625e-05
3198,4.76837158203125e-07
3199,2.384185791015625e-07
3200,3.504753112792969e-05
3201,7.152557373046875e-07
3202,4.76837158203125e-07
3203,3.409385681152344e-05
3204,7.152557373046875e-07
3205,2.384185791015625e-07
3206,3.457069396972656e-05
3207,7.152557373046875e-07
3208,2.384185791015625e-07
3209,3.4809112548828125e-05
3210,4.76837158203125e-07
3211,4.76837158203125e-07
3212,3.719329833984375e-05
3213,9.5367431640625e-07
3214,2.384185791015625e-07
3215,3.361701965332031e-05
3216,4.76837158203125e-07
3217,2.384185791015625e-07
3218,3.4332275390625e-05
3219,4.76837158203125e-07
3220,2.384185791015625e-07
3221,3.886222839355469e-05
3222,4.76837158203125e-07
3223,2.384185791015625e-07
3224,3.528594970703125e-05
3225,4.76837158203125e-07
3226,2.384185791015625e-07
3227,3.4332275390625e-05
3228,4.76837158203125e-07
3229,2.384185791015625e-07
3230,3.4332275390625e-05
3231,7.152557373046875e-07
3232,2.384185791015625e-07
3233,3.3855438232421875e-05
3234,7.152557373046875e-07
3235,2.384185791015625e-07
3236,3.457069396972656e-05
3237,7.152557373046875e-07
3238,2.384185791015625e-07
3239,3.3855438232421875e-05
3240,7.152557373046875e-07
3241,2.384185791015625e-07
3242,4.00543212890625e-05
3243,7.152557373046875e-07
3244,2.384185791015625e-07
3245,3.457069396972656e-05
3246,4.76837158203125e-07
3247,4.76837158203125e-07
3248,3.4809112548828125e-05
3249,4.76837158203125e-07
3250,2.384185791015625e-07
3251,3.695487976074219e-05
3252,4.76837158203125e-07
3253,2.384185791015625e-07
3254,3.4332275390625e-05
3255,7.152557373046875e-07
3256,2.384185791015625e-07
3257,3.4809112548828125e-05
3258,4.76837158203125e-07
3259,2.384185791015625e-07
3260,3.4332275390625e-05
3261,4.76837158203125e-07
3262,4.76837158203125e-07
3263,3.504753112792969e-05
3264,4.76837158203125e-07
3265,4.76837158203125e-07
3266,3.504753112792969e-05
3267,7.152557373046875e-07
3268,0.0
3269,3.4332275390625e-05
3270,7.152557373046875e-07
3271,2.384185791015625e-07
3272,3.4809112548828125e-05
3273,7.152557373046875e-07
3274,2.384185791015625e-07
3275,3.790855407714844e-05
3276,7.152557373046875e-07
3277,2.384185791015625e-07
3278,3.504753112792969e-05
3279,7.152557373046875e-07
3280,2.384185791015625e-07
3281,3.719329833984375e-05
3282,7.152557373046875e-07
3283,4.76837158203125e-07
3284,3.4809112548828125e-05
3285,4.76837158203125e-07
3286,2.384185791015625e-07
3287,3.4332275390625e-05
3288,4.76837158203125e-07
3289,2.384185791015625e-07
3290,3.5762786865234375e-05
3291,7.152557373046875e-07
3292,2.384185791015625e-07
3293,3.3855438232421875e-05
3294,7.152557373046875e-07
3295,2.384185791015625e-07
3296,3.457069396972656e-05
3297,4.76837158203125e-07
3298,2.384185791015625e-07
3299,3.457069396972656e-05
3300,7.152557373046875e-07
3301,2.384185791015625e-07
3302,3.361701965332031e-05
3303,4.76837158203125e-07
3304,0.0
3305,3.8623809814453125e-05
3306,4.76837158203125e-07
3307,2.384185791015625e-07
3308,3.4332275390625e-05
3309,7.152557373046875e-07
3310,4.76837158203125e-07
3311,3.5762786865234375e-05
3312,4.76837158203125e-07
3313,2.384185791015625e-07
3314,3.743171691894531e-05
3315,7.152557373046875e-07
3316,2.384185791015625e-07
3317,3.409385681152344e-05
3318,4.76837158203125e-07
3319,2.384185791015625e-07
3320,3.5762786865234375e-05
3321,4.76837158203125e-07
3322,2.384185791015625e-07
3323,3.3855438232421875e-05
3324,7.152557373046875e-07
3325,2.384185791015625e-07
3326,3.4809112548828125e-05
3327,7.152557373046875e-07
3328,2.384185791015625e-07
3329,3.4809112548828125e-05
3330,4.76837158203125e-07
3331,2.384185791015625e-07
3332,3.6716461181640625e-05
3333,7.152557373046875e-07
3334,2.384185791015625e-07
3335,3.6716461181640625e-05
3336,4.76837158203125e-07
3337,2.384185791015625e-07
3338,3.62396240234375e-05
3339,4.76837158203125e-07
3340,2.384185791015625e-07
3341,3.4332275390625e-05
3342,4.76837158203125e-07
3343,2.384185791015625e-07
3344,3.6716461181640625e-05
3345,4.1961669921875e-05
3346,4.76837158203125e-07
3347,8.034706115722656e-05
3348,7.152557373046875e-07
3349,2.384185791015625e-07
3350,3.3855438232421875e-05
3351,4.76837158203125e-07
3352,2.384185791015625e-07
3353,3.4809112548828125e-05
3354,7.152557373046875e-07
3355,2.384185791015625e-07
3356,3.409385681152344e-05
3357,7.152557373046875e-07
3358,2.384185791015625e-07
3359,3.3855438232421875e-05
3360,7.152557373046875e-07
3361,2.384185791015625e-07
3362,3.457069396972656e-05
3363,7.152557373046875e-07
3364,2.384185791015625e-07
3365,3.4809112548828125e-05
3366,4.76837158203125e-07
3367,4.76837158203125e-07
3368,3.647804260253906e-05
3369,7.152557373046875e-07
3370,2.384185791015625e-07
3371,3.3855438232421875e-05
3372,4.76837158203125e-07
3373,4.76837158203125e-07
3374,3.7670135498046875e-05
3375,4.76837158203125e-07
3376,2.384185791015625e-07
3377,3.3855438232421875e-05
3378,7.152557373046875e-07
3379,2.384185791015625e-07
3380,3.4332275390625e-05
3381,4.76837158203125e-07
3382,2.384185791015625e-07
3383,3.361701965332031e-05
3384,4.76837158203125e-07
3385,2.384185791015625e-07
3386,3.4332275390625e-05
3387,4.76837158203125e-07
3388,4.76837158203125e-07
3389,3.4809112548828125e-05
3390,4.76837158203125e-07
3391,2.384185791015625e-07
3392,3.457069396972656e-05
3393,7.152557373046875e-07
3394,2.384185791015625e-07
3395,3.4332275390625e-05
3396,4.76837158203125e-07
3397,0.0
3398,3.647804260253906e-05
3399,7.152557373046875e-07
3400,4.76837158203125e-07
3401,3.4809112548828125e-05
3402,7.152557373046875e-07
3403,2.384185791015625e-07
3404,3.743171691894531e-05
3405,4.76837158203125e-07
3406,2.384185791015625e-07
3407,3.457069396972656e-05
3408,4.76837158203125e-07
3409,2.384185791015625e-07
3410,3.361701965332031e-05
3411,4.76837158203125e-07
3412,2.384185791015625e-07
3413,3.409385681152344e-05
3414,4.76837158203125e-07
3415,2.384185791015625e-07
3416,3.457069396972656e-05
3417,7.152557373046875e-07
3418,2.384185791015625e-07
3419,3.361701965332031e-05
3420,7.152557373046875e-07
3421,2.384185791015625e-07
3422,3.4332275390625e-05
3423,4.76837158203125e-07
3424,2.384185791015625e-07
3425,3.3855438232421875e-05
3426,7.152557373046875e-07
3427,2.384185791015625e-07
3428,3.62396240234375e-05
3429,7.152557373046875e-07
3430,2.384185791015625e-07
3431,3.528594970703125e-05
3432,4.76837158203125e-07
3433,0.0
3434,3.409385681152344e-05
3435,7.152557373046875e-07
3436,0.0
3437,3.743171691894531e-05
3438,7.152557373046875e-07
3439,2.384185791015625e-07
3440,3.361701965332031e-05
3441,7.152557373046875e-07
3442,2.384185791015625e-07
3443,3.361701965332031e-05
3444,7.152557373046875e-07
3445,2.384185791015625e-07
3446,3.4809112548828125e-05
3447,7.152557373046875e-07
3448,2.384185791015625e-07
3449,3.3855438232421875e-05
3450,7.152557373046875e-07
3451,2.384185791015625e-07
3452,3.409385681152344e-05
3453,7.152557373046875e-07
3454,2.384185791015625e-07
3455,3.361701965332031e-05
3456,4.76837158203125e-07
3457,2.384185791015625e-07
3458,3.504753112792969e-05
3459,4.76837158203125e-07
3460,2.384185791015625e-07
3461,3.7670135498046875e-05
3462,4.76837158203125e-07
3463,2.384185791015625e-07
3464,3.4332275390625e-05
3465,4.76837158203125e-07
3466,2.384185791015625e-07
3467,3.6716461181640625e-05
3468,4.76837158203125e-07
3469,2.384185791015625e-07
3470,3.3855438232421875e-05
3471,7.152557373046875e-07
3472,4.76837158203125e-07
3473,3.4809112548828125e-05
3474,4.76837158203125e-07
3475,2.384185791015625e-07
3476,3.457069396972656e-05
3477,7.152557373046875e-07
3478,2.384185791015625e-07
3479,3.504753112792969e-05
3480,9.5367431640625e-07
3481,2.384185791015625e-07
3482,3.361701965332031e-05
3483,4.76837158203125e-07
3484,2.384185791015625e-07
3485,3.409385681152344e-05
3486,4.76837158203125e-07
3487,2.384185791015625e-07
3488,3.457069396972656e-05
3489,4.76837158203125e-07
3490,2.384185791015625e-07
3491,3.719329833984375e-05
3492,7.152557373046875e-07
3493,0.0
3494,3.4332275390625e-05
3495,9.5367431640625e-07
3496,2.384185791015625e-07
3497,3.600120544433594e-05
3498,4.76837158203125e-07
3499,4.76837158203125e-07
3500,3.6716461181640625e-05
3501,4.76837158203125e-07
3502,4.76837158203125e-07
3503,3.337860107421875e-05
3504,7.152557373046875e-07
3505,4.76837158203125e-07
3506,3.409385681152344e-05
3507,9.5367431640625e-07
3508,2.384185791015625e-07
3509,3.4332275390625e-05
3510,4.76837158203125e-07
3511,2.384185791015625e-07
3512,3.409385681152344e-05
3513,4.76837158203125e-07
3514,2.384185791015625e-07
3515,3.4332275390625e-05
3516,7.152557373046875e-07
3517,4.76837158203125e-07
3518,3.4332275390625e-05
3519,4.76837158203125e-07
3520,2.384185791015625e-07
3521,3.7670135498046875e-05
3522,4.76837158203125e-07
3523,2.384185791015625e-07
3524,3.409385681152344e-05
3525,7.152557373046875e-07
3526,2.384185791015625e-07
3527,3.695487976074219e-05
3528,4.76837158203125e-07
3529,2.384185791015625e-07
3530,3.4332275390625e-05
3531,7.152557373046875e-07
3532,4.76837158203125e-07
3533,3.457069396972656e-05
3534,4.76837158203125e-07
3535,2.384185791015625e-07
3536,3.409385681152344e-05
3537,4.76837158203125e-07
3538,2.384185791015625e-07
3539,3.361701965332031e-05
3540,4.76837158203125e-07
3541,2.384185791015625e-07
3542,3.4332275390625e-05
3543,7.152557373046875e-07
3544,2.384185791015625e-07
3545,3.4332275390625e-05
3546,7.152557373046875e-07
3547,2.384185791015625e-07
3548,3.4332275390625e-05
3549,7.152557373046875e-07
3550,2.384185791015625e-07
3551,3.4809112548828125e-05
3552,4.76837158203125e-07
3553,2.384185791015625e-07
3554,3.695487976074219e-05
3555,7.152557373046875e-07
3556,2.384185791015625e-07
3557,3.457069396972656e-05
3558,9.5367431640625e-07
3559,2.384185791015625e-07
3560,3.695487976074219e-05
3561,7.152557373046875e-07
3562,0.0
3563,3.337860107421875e-05
3564,7.152557373046875e-07
3565,2.384185791015625e-07
3566,3.409385681152344e-05
3567,7.152557373046875e-07
3568,2.384185791015625e-07
3569,3.504753112792969e-05
3570,4.76837158203125e-07
3571,2.384185791015625e-07
3572,3.457069396972656e-05
3573,7.152557373046875e-07
3574,2.384185791015625e-07
3575,3.504753112792969e-05
3576,4.76837158203125e-07
3577,2.384185791015625e-07
3578,3.409385681152344e-05
3579,4.76837158203125e-07
3580,2.384185791015625e-07
3581,3.361701965332031e-05
3582,7.152557373046875e-07
3583,2.384185791015625e-07
3584,3.933906555175781e-05
3585,4.76837158203125e-07
3586,2.384185791015625e-07
3587,3.3855438232421875e-05
3588,4.76837158203125e-07
3589,2.384185791015625e-07
3590,3.7670135498046875e-05
3591,4.76837158203125e-07
3592,2.384185791015625e-07
3593,3.3855438232421875e-05
3594,7.152557373046875e-07
3595,4.76837158203125e-07
3596,3.361701965332031e-05
3597,7.152557373046875e-07
3598,2.384185791015625e-07
3599,3.62396240234375e-05
3600,4.76837158203125e-07
3601,4.76837158203125e-07
3602,3.4809112548828125e-05
3603,7.152557373046875e-07
3604,2.384185791015625e-07
3605,3.3855438232421875e-05
3606,4.76837158203125e-07
3607,2.384185791015625e-07
3608,3.409385681152344e-05
3609,4.76837158203125e-07
3610,2.384185791015625e-07
3611,3.409385681152344e-05
3612,7.152557373046875e-07
3613,4.76837158203125e-07
3614,3.7670135498046875e-05
3615,7.152557373046875e-07
3616,2.384185791015625e-07
3617,3.62396240234375e-05
3618,4.76837158203125e-07
3619,0.0
3620,3.5762786865234375e-05
3621,4.76837158203125e-07
3622,2.384185791015625e-07
3623,3.457069396972656e-05
3624,7.152557373046875e-07
3625,0.0
3626,3.504753112792969e-05
3627,4.76837158203125e-07
3628,2.384185791015625e-07
3629,3.409385681152344e-05
3630,4.76837158203125e-07
3631,2.384185791015625e-07
3632,3.647804260253906e-05
3633,7.152557373046875e-07
3634,2.384185791015625e-07
3635,3.4332275390625e-05
3636,4.76837158203125e-07
3637,4.76837158203125e-07
3638,3.3855438232421875e-05
3639,9.5367431640625e-07
3640,2.384185791015625e-07
3641,3.457069396972656e-05
3642,4.76837158203125e-07
3643,2.384185791015625e-07
3644,3.457069396972656e-05
3645,7.152557373046875e-07
3646,4.76837158203125e-07
3647,3.743171691894531e-05
3648,9.5367431640625e-07
3649,2.384185791015625e-07
3650,3.457069396972656e-05
3651,4.76837158203125e-07
3652,0.0
3653,3.695487976074219e-05
3654,7.152557373046875e-07
3655,2.384185791015625e-07
3656,3.528594970703125e-05
3657,7.152557373046875e-07
3658,2.384185791015625e-07
3659,3.528594970703125e-05
3660,7.152557373046875e-07
3661,2.384185791015625e-07
